{"AD":{"code":"AD","name":{"en":"Andorra","fr":"Andorre"}},"AE":{"code":"AE","name":{"en":"United Arab Emirates","fr":"Émirats Arabes Unis"}},"AF":{"code":"AF","name":{"en":"Afghanistan","fr":"Afghanistan"}},"AG":{"code":"AG","name":{"en":"Antigua and Barbuda","fr":"Antigua et Barbuda"}},"AI":{"code":"AI","name":{"en":"Anguilla","fr":"Anguilla"}},"AL":{"code":"AL","name":{"en":"Albania","fr":"Albanie"}},"AM":{"code":"AM","name":{"en":"Armenia","fr":"Arménie"}},"AO":{"code":"AO","name":{"en":"Angola","fr":"Angola"}},"AQ":{"code":"AQ","name":{"en":"Antarctica","fr":"Antarctique"}},"AR":{"code":"AR","name":{"en":"Argentina","fr":"Argentine"}},"AS":{"code":"AS","name":{"en":"American Samoa","fr":"Samoa américaines"}},"AT":{"code":"AT","name":{"en":"Austria","fr":"Autriche"}},"AU":{"code":"AU","name":{"en":"Australia","fr":"Australie"}},"AW":{"code":"AW","name":{"en":"Aruba","fr":"Aruba"}},"AX":{"code":"AX","name":{"en":"Åland","fr":"Îles Åland"}},"AZ":{"code":"AZ","name":{"en":"Azerbaijan","fr":"Azerbaïdjan"}},"BA":{"code":"BA","name":{"en":"Bosnia and Herzegovina","fr":"Bosnie-Herzégovine"}},"BB":{"code":"BB","name":{"en":"Barbados","fr":"Barbade"}},"BD":{"code":"BD","name":{"en":"Bangladesh","fr":"Bangladesh"}},"BE":{"code":"BE","name":{"en":"Belgium","fr":"Belgique"}},"BF":{"code":"BF","name":{"en":"Burkina Faso","fr":"Burkina Faso"}},"BG":{"code":"BG","name":{"en":"Bulgaria","fr":"Bulgarie"}},"BH":{"code":"BH","name":{"en":"Bahrain","fr":"Bahreïn"}},"BI":{"code":"BI","name":{"en":"Burundi","fr":"Burundi"}},"BJ":{"code":"BJ","name":{"en":"Benin","fr":"Bénin"}},"BL":{"code":"BL","name":{"en":"Saint Barthélemy","fr":"Saint-Barthélémy"}},"BM":{"code":"BM","name":{"en":"Bermuda","fr":"Bermudes"}},"BN":{"code":"BN","name":{"en":"Brunei","fr":"Brunéi Darussalam"}},"BO":{"code":"BO","name":{"en":"Bolivia","fr":"Bolivie"}},"BQ":{"code":"BQ","name":{"en":"Bonaire","fr":"Bonaire, Saint-Eustache et Saba"}},"BR":{"code":"BR","name":{"en":"Brazil","fr":"Brésil"}},"BS":{"code":"BS","name":{"en":"Bahamas","fr":"Bahamas"}},"BT":{"code":"BT","name":{"en":"Bhutan","fr":"Bhutan"}},"BV":{"code":"BV","name":{"en":"Bouvet Island","fr":"Île Bouvet"}},"BW":{"code":"BW","name":{"en":"Botswana","fr":"Botswana"}},"BY":{"code":"BY","name":{"en":"Belarus","fr":"Biélorussie"}},"BZ":{"code":"BZ","name":{"en":"Belize","fr":"Belize"}},"CA":{"code":"CA","name":{"en":"Canada","fr":"Canada"}},"CC":{"code":"CC","name":{"en":"Cocos [Keeling] Islands","fr":"Îles Cocos"}},"CD":{"code":"CD","name":{"en":"Democratic Republic of the Congo","fr":"RDC"}},"CF":{"code":"CF","name":{"en":"Central African Republic","fr":"Centrafrique"}},"CG":{"code":"CG","name":{"en":"Republic of the Congo","fr":"Congo-Brazzaville"}},"CH":{"code":"CH","name":{"en":"Switzerland","fr":"Suisse"}},"CI":{"code":"CI","name":{"en":"Ivory Coast","fr":"Côte d'Ivoire"}},"CK":{"code":"CK","name":{"en":"Cook Islands","fr":"Îles Cook"}},"CL":{"code":"CL","name":{"en":"Chile","fr":"Chili"}},"CM":{"code":"CM","name":{"en":"Cameroon","fr":"Cameroun"}},"CN":{"code":"CN","name":{"en":"China","fr":"Chine"}},"CO":{"code":"CO","name":{"en":"Colombia","fr":"Colombie"}},"CR":{"code":"CR","name":{"en":"Costa Rica","fr":"Costa Rica"}},"CU":{"code":"CU","name":{"en":"Cuba","fr":"Cuba"}},"CV":{"code":"CV","name":{"en":"Cape Verde","fr":"Cap-Vert"}},"CW":{"code":"CW","name":{"en":"Curacao","fr":"Curaçao"}},"CX":{"code":"CX","name":{"en":"Christmas Island","fr":"Île Christmas"}},"CY":{"code":"CY","name":{"en":"Cyprus","fr":"Chypre"}},"CZ":{"code":"CZ","name":{"en":"Czech Republic","fr":"République tchèque"}},"DE":{"code":"DE","name":{"en":"Germany","fr":"Allemagne"}},"DJ":{"code":"DJ","name":{"en":"Djibouti","fr":"Djibouti"}},"DK":{"code":"DK","name":{"en":"Denmark","fr":"Danemark"}},"DM":{"code":"DM","name":{"en":"Dominica","fr":"Dominique"}},"DO":{"code":"DO","name":{"en":"Dominican Republic","fr":"République Dominicaine"}},"DZ":{"code":"DZ","name":{"en":"Algeria","fr":"Algérie"}},"EC":{"code":"EC","name":{"en":"Ecuador","fr":"Équateur"}},"EE":{"code":"EE","name":{"en":"Estonia","fr":"Estonie"}},"EG":{"code":"EG","name":{"en":"Egypt","fr":"Égypte"}},"EH":{"code":"EH","name":{"en":"Western Sahara","fr":"Sahara Occidental"}},"ER":{"code":"ER","name":{"en":"Eritrea","fr":"Érythrée"}},"ES":{"code":"ES","name":{"en":"Spain","fr":"Espagne"}},"ET":{"code":"ET","name":{"en":"Ethiopia","fr":"Éthiopie"}},"FI":{"code":"FI","name":{"en":"Finland","fr":"Finlande"}},"FJ":{"code":"FJ","name":{"en":"Fiji","fr":"Fidji"}},"FK":{"code":"FK","name":{"en":"Falkland Islands","fr":"Îles Malouines"}},"FM":{"code":"FM","name":{"en":"Micronesia","fr":"Micronésie"}},"FO":{"code":"FO","name":{"en":"Faroe Islands","fr":"Îles Féroé"}},"FR":{"code":"FR","name":{"en":"France","fr":"France"}},"GA":{"code":"GA","name":{"en":"Gabon","fr":"Gabon"}},"GB":{"code":"GB","name":{"en":"United Kingdom","fr":"Royaume-Uni"}},"GD":{"code":"GD","name":{"en":"Grenada","fr":"Grenade"}},"GE":{"code":"GE","name":{"en":"Georgia","fr":"Géorgie"}},"GF":{"code":"GF","name":{"en":"French Guiana","fr":"Guyane"}},"GG":{"code":"GG","name":{"en":"Guernsey","fr":"Guernesey"}},"GH":{"code":"GH","name":{"en":"Ghana","fr":"Ghana"}},"GI":{"code":"GI","name":{"en":"Gibraltar","fr":"Gibraltar"}},"GL":{"code":"GL","name":{"en":"Greenland","fr":"Groenland"}},"GM":{"code":"GM","name":{"en":"Gambia","fr":"Gambie"}},"GN":{"code":"GN","name":{"en":"Guinea","fr":"Guinée"}},"GP":{"code":"GP","name":{"en":"Guadeloupe","fr":"Guadeloupe"}},"GQ":{"code":"GQ","name":{"en":"Equatorial Guinea","fr":"Guinée équatoriale"}},"GR":{"code":"GR","name":{"en":"Greece","fr":"Grèce"}},"GS":{"code":"GS","name":{"en":"South Georgia and the South Sandwich Islands","fr":"Géorgie du Sud et les îles Sandwich du Sud"}},"GT":{"code":"GT","name":{"en":"Guatemala","fr":"Guatemala"}},"GU":{"code":"GU","name":{"en":"Guam","fr":"Guam"}},"GW":{"code":"GW","name":{"en":"Guinea-Bissau","fr":"Guinée-Bissau"}},"GY":{"code":"GY","name":{"en":"Guyana","fr":"Guyana"}},"HK":{"code":"HK","name":{"en":"Hong Kong","fr":"Hong Kong"}},"HM":{"code":"HM","name":{"en":"Heard Island and McDonald Islands","fr":"Île Heard et îles McDonald"}},"HN":{"code":"HN","name":{"en":"Honduras","fr":"Honduras"}},"HR":{"code":"HR","name":{"en":"Croatia","fr":"Croatie"}},"HT":{"code":"HT","name":{"en":"Haiti","fr":"Haïti"}},"HU":{"code":"HU","name":{"en":"Hungary","fr":"Hongrie"}},"ID":{"code":"ID","name":{"en":"Indonesia","fr":"Indonésie"}},"IE":{"code":"IE","name":{"en":"Ireland","fr":"Irlande"}},"IL":{"code":"IL","name":{"en":"Israel","fr":"Israël"}},"IM":{"code":"IM","name":{"en":"Isle of Man","fr":"Île de Man"}},"IN":{"code":"IN","name":{"en":"India","fr":"Inde"}},"IO":{"code":"IO","name":{"en":"British Indian Ocean Territory","fr":"Territoire britannique de l'océan Indien"}},"IQ":{"code":"IQ","name":{"en":"Iraq","fr":"Irak"}},"IR":{"code":"IR","name":{"en":"Iran","fr":"Iran"}},"IS":{"code":"IS","name":{"en":"Iceland","fr":"Islande"}},"IT":{"code":"IT","name":{"en":"Italy","fr":"Italie"}},"JE":{"code":"JE","name":{"en":"Jersey","fr":"Jersey"}},"JM":{"code":"JM","name":{"en":"Jamaica","fr":"Jamaïque"}},"JO":{"code":"JO","name":{"en":"Jordan","fr":"Jordanie"}},"JP":{"code":"JP","name":{"en":"Japan","fr":"Japon"}},"KE":{"code":"KE","name":{"en":"Kenya","fr":"Kenya"}},"KG":{"code":"KG","name":{"en":"Kyrgyzstan","fr":"Kirghizistan"}},"KH":{"code":"KH","name":{"en":"Cambodia","fr":"Cambodge"}},"KI":{"code":"KI","name":{"en":"Kiribati","fr":"Kiribati"}},"KM":{"code":"KM","name":{"en":"Comoros","fr":"Comores"}},"KN":{"code":"KN","name":{"en":"Saint Kitts and Nevis","fr":"Saint-Christophe-et-Niévès"}},"KP":{"code":"KP","name":{"en":"North Korea","fr":"Corée du Nord"}},"KR":{"code":"KR","name":{"en":"South Korea","fr":"Corée du Sud"}},"KW":{"code":"KW","name":{"en":"Kuwait","fr":"Koweït"}},"KY":{"code":"KY","name":{"en":"Cayman Islands","fr":"Îles Caïmans"}},"KZ":{"code":"KZ","name":{"en":"Kazakhstan","fr":"Kazakhstan"}},"LA":{"code":"LA","name":{"en":"Laos","fr":"Laos"}},"LB":{"code":"LB","name":{"en":"Lebanon","fr":"Liban"}},"LC":{"code":"LC","name":{"en":"Saint Lucia","fr":"Sainte-Lucie"}},"LI":{"code":"LI","name":{"en":"Liechtenstein","fr":"Liechtenstein"}},"LK":{"code":"LK","name":{"en":"Sri Lanka","fr":"Sri Lanka"}},"LR":{"code":"LR","name":{"en":"Liberia","fr":"Liberia"}},"LS":{"code":"LS","name":{"en":"Lesotho","fr":"Lesotho"}},"LT":{"code":"LT","name":{"en":"Lithuania","fr":"Lituanie"}},"LU":{"code":"LU","name":{"en":"Luxembourg","fr":"Luxembourg"}},"LV":{"code":"LV","name":{"en":"Latvia","fr":"Lettonie"}},"LY":{"code":"LY","name":{"en":"Libya","fr":"Libye"}},"MA":{"code":"MA","name":{"en":"Morocco","fr":"Maroc"}},"MC":{"code":"MC","name":{"en":"Monaco","fr":"Monaco"}},"MD":{"code":"MD","name":{"en":"Moldova","fr":"Moldavie"}},"ME":{"code":"ME","name":{"en":"Montenegro","fr":"Monténégro"}},"MF":{"code":"MF","name":{"en":"Saint Martin","fr":"Saint-Martin"}},"MG":{"code":"MG","name":{"en":"Madagascar","fr":"Madagascar"}},"MH":{"code":"MH","name":{"en":"Marshall Islands","fr":"Îles Marshall"}},"MK":{"code":"MK","name":{"en":"Macedonia","fr":"Macédoine"}},"ML":{"code":"ML","name":{"en":"Mali","fr":"Mali"}},"MM":{"code":"MM","name":{"en":"Myanmar [Burma]","fr":"Myanmar"}},"MN":{"code":"MN","name":{"en":"Mongolia","fr":"Mongolie"}},"MO":{"code":"MO","name":{"en":"Macao","fr":"Macao"}},"MP":{"code":"MP","name":{"en":"Northern Mariana Islands","fr":"Îles Mariannes du Nord"}},"MQ":{"code":"MQ","name":{"en":"Martinique","fr":"Martinique"}},"MR":{"code":"MR","name":{"en":"Mauritania","fr":"Mauritanie"}},"MS":{"code":"MS","name":{"en":"Montserrat","fr":"Montserrat"}},"MT":{"code":"MT","name":{"en":"Malta","fr":"Malte"}},"MU":{"code":"MU","name":{"en":"Mauritius","fr":"Maurice"}},"MV":{"code":"MV","name":{"en":"Maldives","fr":"Maldives"}},"MW":{"code":"MW","name":{"en":"Malawi","fr":"Malawi"}},"MX":{"code":"MX","name":{"en":"Mexico","fr":"Mexique"}},"MY":{"code":"MY","name":{"en":"Malaysia","fr":"Malaisie"}},"MZ":{"code":"MZ","name":{"en":"Mozambique","fr":"Mozambique"}},"NA":{"code":"NA","name":{"en":"Namibia","fr":"Namibie"}},"NC":{"code":"NC","name":{"en":"New Caledonia","fr":"Nouvelle-Calédonie"}},"NE":{"code":"NE","name":{"en":"Niger","fr":"Niger"}},"NF":{"code":"NF","name":{"en":"Norfolk Island","fr":"Île Norfolk"}},"NG":{"code":"NG","name":{"en":"Nigeria","fr":"Nigeria"}},"NI":{"code":"NI","name":{"en":"Nicaragua","fr":"Nicaragua"}},"NL":{"code":"NL","name":{"en":"Netherlands","fr":"Pays-Bas"}},"NO":{"code":"NO","name":{"en":"Norway","fr":"Norvège"}},"NP":{"code":"NP","name":{"en":"Nepal","fr":"Népal"}},"NR":{"code":"NR","name":{"en":"Nauru","fr":"Nauru"}},"NU":{"code":"NU","name":{"en":"Niue","fr":"Nioué"}},"NZ":{"code":"NZ","name":{"en":"New Zealand","fr":"Nouvelle-Zélande"}},"OM":{"code":"OM","name":{"en":"Oman","fr":"Oman"}},"PA":{"code":"PA","name":{"en":"Panama","fr":"Panama"}},"PE":{"code":"PE","name":{"en":"Peru","fr":"Pérou"}},"PF":{"code":"PF","name":{"en":"French Polynesia","fr":"Polynésie Française"}},"PG":{"code":"PG","name":{"en":"Papua New Guinea","fr":"Papouasie-Nouvelle Guinée"}},"PH":{"code":"PH","name":{"en":"Philippines","fr":"Philippines"}},"PK":{"code":"PK","name":{"en":"Pakistan","fr":"Pakistan"}},"PL":{"code":"PL","name":{"en":"Poland","fr":"Pologne"}},"PM":{"code":"PM","name":{"en":"Saint Pierre and Miquelon","fr":"Saint-Pierre et Miquelon"}},"PN":{"code":"PN","name":{"en":"Pitcairn Islands","fr":"Pitcairn"}},"PR":{"code":"PR","name":{"en":"Puerto Rico","fr":"Porto Rico"}},"PS":{"code":"PS","name":{"en":"Palestine","fr":"Territoire palestinien"}},"PT":{"code":"PT","name":{"en":"Portugal","fr":"Portugal"}},"PW":{"code":"PW","name":{"en":"Palau","fr":"Palaos"}},"PY":{"code":"PY","name":{"en":"Paraguay","fr":"Paraguay"}},"QA":{"code":"QA","name":{"en":"Qatar","fr":"Qatar"}},"RE":{"code":"RE","name":{"en":"Réunion","fr":"Réunion"}},"RO":{"code":"RO","name":{"en":"Romania","fr":"Roumanie"}},"RS":{"code":"RS","name":{"en":"Serbia","fr":"Serbie"}},"RU":{"code":"RU","name":{"en":"Russia","fr":"Russie"}},"RW":{"code":"RW","name":{"en":"Rwanda","fr":"Rwanda"}},"SA":{"code":"SA","name":{"en":"Saudi Arabia","fr":"Arabie saoudite"}},"SB":{"code":"SB","name":{"en":"Solomon Islands","fr":"Îles Salomon"}},"SC":{"code":"SC","name":{"en":"Seychelles","fr":"Seychelles"}},"SD":{"code":"SD","name":{"en":"Sudan","fr":"Soudan"}},"SE":{"code":"SE","name":{"en":"Sweden","fr":"Suède"}},"SG":{"code":"SG","name":{"en":"Singapore","fr":"Singapour"}},"SH":{"code":"SH","name":{"en":"Saint Helena","fr":"Sainte-Hélène"}},"SI":{"code":"SI","name":{"en":"Slovenia","fr":"Slovénie"}},"SJ":{"code":"SJ","name":{"en":"Svalbard and Jan Mayen","fr":"Svalbard et Île Jan Mayen"}},"SK":{"code":"SK","name":{"en":"Slovakia","fr":"Slovaquie"}},"SL":{"code":"SL","name":{"en":"Sierra Leone","fr":"Sierra Leone"}},"SM":{"code":"SM","name":{"en":"San Marino","fr":"Saint-Marin"}},"SN":{"code":"SN","name":{"en":"Senegal","fr":"Sénégal"}},"SO":{"code":"SO","name":{"en":"Somalia","fr":"Somalie"}},"SR":{"code":"SR","name":{"en":"Suriname","fr":"Surinam"}},"SS":{"code":"SS","name":{"en":"South Sudan","fr":"Sud-Soudan"}},"ST":{"code":"ST","name":{"en":"São Tomé and Príncipe","fr":"São Tomé-et-Príncipe"}},"SV":{"code":"SV","name":{"en":"El Salvador","fr":"Salvador"}},"SX":{"code":"SX","name":{"en":"Sint Maarten","fr":"Saint-Martin"}},"SY":{"code":"SY","name":{"en":"Syria","fr":"Syrie"}},"SZ":{"code":"SZ","name":{"en":"Swaziland","fr":"Swaziland"}},"TC":{"code":"TC","name":{"en":"Turks and Caicos Islands","fr":"Îles Turques-et-Caïques"}},"TD":{"code":"TD","name":{"en":"Chad","fr":"Tchad"}},"TF":{"code":"TF","name":{"en":"French Southern Territories","fr":"Terres australes françaises"}},"TG":{"code":"TG","name":{"en":"Togo","fr":"République Togolaise"}},"TH":{"code":"TH","name":{"en":"Thailand","fr":"Thaïlande"}},"TJ":{"code":"TJ","name":{"en":"Tajikistan","fr":"Tadjikistan"}},"TK":{"code":"TK","name":{"en":"Tokelau","fr":"Tokelau"}},"TL":{"code":"TL","name":{"en":"East Timor","fr":"Timor Oriental"}},"TM":{"code":"TM","name":{"en":"Turkmenistan","fr":"Turkménistan"}},"TN":{"code":"TN","name":{"en":"Tunisia","fr":"Tunisie"}},"TO":{"code":"TO","name":{"en":"Tonga","fr":"Tonga"}},"TR":{"code":"TR","name":{"en":"Turkey","fr":"Turquie"}},"TT":{"code":"TT","name":{"en":"Trinidad and Tobago","fr":"Trinidad et Tobago"}},"TV":{"code":"TV","name":{"en":"Tuvalu","fr":"Tuvalu"}},"TW":{"code":"TW","name":{"en":"Taiwan","fr":"Taïwan"}},"TZ":{"code":"TZ","name":{"en":"Tanzania","fr":"Tanzanie"}},"UA":{"code":"UA","name":{"en":"Ukraine","fr":"Ukraine"}},"UG":{"code":"UG","name":{"en":"Uganda","fr":"Ouganda"}},"UM":{"code":"UM","name":{"en":"U.S. Minor Outlying Islands","fr":"Îles mineures éloignées des États-Unis"}},"US":{"code":"US","name":{"en":"United States","fr":"États-Unis"}},"UY":{"code":"UY","name":{"en":"Uruguay","fr":"Uruguay"}},"UZ":{"code":"UZ","name":{"en":"Uzbekistan","fr":"Ouzbékistan"}},"VA":{"code":"VA","name":{"en":"Vatican City","fr":"Vatican"}},"VC":{"code":"VC","name":{"en":"Saint Vincent and the Grenadines","fr":"Saint-Vincent-et-les Grenadines"}},"VE":{"code":"VE","name":{"en":"Venezuela","fr":"Vénézuéla"}},"VG":{"code":"VG","name":{"en":"British Virgin Islands","fr":"Îles Vierges"}},"VI":{"code":"VI","name":{"en":"U.S. Virgin Islands","fr":"Îles Vierges des États-Unis"}},"VN":{"code":"VN","name":{"en":"Vietnam","fr":"Vietnam"}},"VU":{"code":"VU","name":{"en":"Vanuatu","fr":"Vanuatu"}},"WF":{"code":"WF","name":{"en":"Wallis and Futuna","fr":"Wallis-et-Futuna"}},"WS":{"code":"WS","name":{"en":"Samoa","fr":"Samoa"}},"XK":{"code":"XK","name":{"en":"Kosovo","fr":"Kosovo"}},"YE":{"code":"YE","name":{"en":"Yemen","fr":"Yémen"}},"YT":{"code":"YT","name":{"en":"Mayotte","fr":"Mayotte"}},"ZA":{"code":"ZA","name":{"en":"South Africa","fr":"Afrique du Sud"}},"ZM":{"code":"ZM","name":{"en":"Zambia","fr":"Zambie"}},"ZW":{"code":"ZW","name":{"en":"Zimbabwe","fr":"Zimbabwe"}}}