{"012":{"title":"linen","subtitle":"{:en}red{:}{:fr}touge{:}","material":"012","image":"https:\/\/badb0x.akr.club\/wp-content\/uploads\/2016\/01\/013-1.jpg"},"011":{"title":"test 011","subtitle":"","material":"011","image":"https:\/\/badb0x.akr.club\/wp-content\/uploads\/2016\/01\/011.jpg"},"010":{"title":"test 010","subtitle":"","material":"010","image":"https:\/\/badb0x.akr.club\/wp-content\/uploads\/2016\/01\/010.jpg"},"009":{"title":"test 009","subtitle":"","material":"009","image":"https:\/\/badb0x.akr.club\/wp-content\/uploads\/2016\/01\/009.jpg"},"008":{"title":"test 008","subtitle":"","material":"008","image":"https:\/\/badb0x.akr.club\/wp-content\/uploads\/2016\/01\/008.jpg"},"007":{"title":"test 007","subtitle":"","material":"007","image":"https:\/\/badb0x.akr.club\/wp-content\/uploads\/2016\/01\/007.jpg"},"006":{"title":"test 006","subtitle":"","material":"006","image":"https:\/\/badb0x.akr.club\/wp-content\/uploads\/2016\/01\/006.jpg"},"005":{"title":"test 005","subtitle":"","material":"005","image":"https:\/\/badb0x.akr.club\/wp-content\/uploads\/2016\/01\/005.jpg"},"004":{"title":"test 004","subtitle":"","material":"004","image":"https:\/\/badb0x.akr.club\/wp-content\/uploads\/2016\/01\/004.jpg"},"003":{"title":"test 003","subtitle":"","material":"003","image":"https:\/\/badb0x.akr.club\/wp-content\/uploads\/2016\/01\/003.jpg"},"002":{"title":"test 002","subtitle":"","material":"002","image":"https:\/\/badb0x.akr.club\/wp-content\/uploads\/2016\/01\/002.jpg"},"001":{"title":"test 001","subtitle":"","material":"001","image":"https:\/\/badb0x.akr.club\/wp-content\/uploads\/2016\/01\/001.jpg"}}