{"10":{"code":"10","name":{"en":"Helmand","fr":"Helmand"}},"11":{"code":"11","name":{"en":"Herat","fr":"Hérât"}},"13":{"code":"13","name":{"en":"Kabul","fr":"Kaboul"}},"14":{"code":"14","name":{"en":"Kapisa","fr":"Wilāyat-e Kāpīsā"}},"17":{"code":"17","name":{"en":"Logar","fr":"Wilāyat-e Lōgar"}},"18":{"code":"18","name":{"en":"Nangarhar","fr":"Nangarhār"}},"19":{"code":"19","name":{"en":"Nimroz","fr":"Wilāyat-e Nīmrōz"}},"23":{"code":"23","name":{"en":"Kandahar","fr":"Kandahār"}},"24":{"code":"24","name":{"en":"Kunduz","fr":"Kondôz"}},"26":{"code":"26","name":{"en":"Takhar","fr":"Wilāyat-e Takhār"}},"27":{"code":"27","name":{"en":"Wardak","fr":"Wardak"}},"28":{"code":"28","name":{"en":"Zabul","fr":"Zabol"}},"29":{"code":"29","name":{"en":"Paktika","fr":"Wilāyat-e Paktīkā"}},"30":{"code":"30","name":{"en":"Balkh","fr":"Balkh"}},"31":{"code":"31","name":{"en":"Jowzjan","fr":"Wilāyat-e Jowzjān"}},"32":{"code":"32","name":{"en":"Samangan","fr":"Samangān"}},"33":{"code":"33","name":{"en":"Sar-e Pul","fr":"Sar-e Pul"}},"34":{"code":"34","name":{"en":"Kunar","fr":"Wilāyat-e Kunaṟ"}},"35":{"code":"35","name":{"en":"Laghman","fr":"Wilāyat-e Laghmān"}},"36":{"code":"36","name":{"en":"Paktia","fr":"Paktiyâ"}},"37":{"code":"37","name":{"en":"Khowst","fr":"Velāyat-e Khowst"}},"38":{"code":"38","name":{"en":"Nuristan","fr":"Velāyat-e Nūrestān"}},"39":{"code":"39","name":{"en":"Oruzgan","fr":"Orozgân"}},"40":{"code":"40","name":{"en":"Parwan","fr":"Parwān"}},"41":{"code":"41","name":{"en":"Daykundi","fr":"Daykundi Province"}},"42":{"code":"42","name":{"en":"Panjshir","fr":"Pandjchir"}},"01":{"code":"01","name":{"en":"Badakhshan","fr":"Badakhshān"}},"09":{"code":"09","name":{"en":"Ghowr","fr":"Wilāyat-e Ghōr"}},"08":{"code":"08","name":{"en":"Ghazni","fr":"Wilāyat-e Ghaznī"}},"07":{"code":"07","name":{"en":"Faryab","fr":"Fâryâb"}},"06":{"code":"06","name":{"en":"Farah","fr":"Farāh"}},"05":{"code":"05","name":{"en":"Bamyan","fr":"Wilāyat-e Bāmyān"}},"03":{"code":"03","name":{"en":"Baghlan","fr":"Wilāyat-e Baghlān"}},"02":{"code":"02","name":{"en":"Badghis","fr":"Bâdghîs"}}}