{"08":{"code":"08","name":{"en":"Parish of Saint Philip","fr":"Parish of Saint Philip"}},"07":{"code":"07","name":{"en":"Parish of Saint Peter","fr":"Parish of Saint Peter"}},"06":{"code":"06","name":{"en":"Parish of Saint Paul","fr":"Parish of Saint Paul"}},"05":{"code":"05","name":{"en":"Parish of Saint Mary","fr":"Parish of Saint Mary"}},"04":{"code":"04","name":{"en":"Parish of Saint John","fr":"Parish of Saint John"}},"03":{"code":"03","name":{"en":"Parish of Saint George","fr":"Parish of Saint George"}},"01":{"code":"01","name":{"en":"Barbuda","fr":"Barbuda"}},"09":{"code":"09","name":{"en":"Redonda","fr":"Redonda"}}}