{"40":{"code":"40","name":{"en":"Qarku i Beratit","fr":"Qarku i Beratit"}},"41":{"code":"41","name":{"en":"Qarku i Dibrës","fr":"Qarku i Dibrës"}},"42":{"code":"42","name":{"en":"Qarku i Durrësit","fr":"Qarku i Durrësit"}},"43":{"code":"43","name":{"en":"Qarku i Elbasanit","fr":"Qarku i Elbasanit"}},"44":{"code":"44","name":{"en":"Qarku i Fierit","fr":"Qarku i Fierit"}},"45":{"code":"45","name":{"en":"Qarku i Gjirokastrës","fr":"Qarku i Gjirokastrës"}},"46":{"code":"46","name":{"en":"Qarku i Korçës","fr":"Qarku i Korçës"}},"47":{"code":"47","name":{"en":"Qarku i Kukësit","fr":"Qarku i Kukësit"}},"48":{"code":"48","name":{"en":"Qarku i Lezhës","fr":"Qarku i Lezhës"}},"49":{"code":"49","name":{"en":"Qarku i Shkodrës","fr":"Qarku i Shkodrës"}},"50":{"code":"50","name":{"en":"Qarku i Tiranës","fr":"Tirana"}},"51":{"code":"51","name":{"en":"Qarku i Vlorës","fr":"Qarku i Vlorës"}}}