{"10":{"code":"10","name":{"en":"Vayots Dzor Province","fr":"Vayots’ Dzor"}},"11":{"code":"11","name":{"en":"Yerevan","fr":"Erevan"}},"01":{"code":"01","name":{"en":"Aragatsotn Province","fr":"Aragatsotni Marz"}},"03":{"code":"03","name":{"en":"Armavir Province","fr":"Armaviri Marz"}},"04":{"code":"04","name":{"en":"Gegharkunik Province","fr":"Geghark’unik’i Marz"}},"05":{"code":"05","name":{"en":"Kotayk Province","fr":"Kotayk’i Marz"}},"06":{"code":"06","name":{"en":"Lori Province","fr":"Lorru Marz"}},"07":{"code":"07","name":{"en":"Shirak Province","fr":"Shiraki Marz"}},"09":{"code":"09","name":{"en":"Tavush Province","fr":"Tavushi Marz"}},"02":{"code":"02","name":{"en":"Ararat Province","fr":"Ararati Marz"}},"08":{"code":"08","name":{"en":"Syunik Province","fr":"Syunik’i Marz"}}}