{"12":{"code":"12","name":{"en":"Malanje","fr":"Malanje Province"}},"13":{"code":"13","name":{"en":"Namibe","fr":"Namibe Province"}},"14":{"code":"14","name":{"en":"Moxico","fr":"Moxico"}},"15":{"code":"15","name":{"en":"Uíge","fr":"Província do Uíge"}},"16":{"code":"16","name":{"en":"Zaire","fr":"Zaïre"}},"17":{"code":"17","name":{"en":"Luanda Norte","fr":"Lunda Norte Province"}},"18":{"code":"18","name":{"en":"Lunda Sul","fr":"Lunda-Sud"}},"19":{"code":"19","name":{"en":"Bengo","fr":"Bengo Province"}},"20":{"code":"20","name":{"en":"Luanda","fr":"Luanda"}},"04":{"code":"04","name":{"en":"Cuando Cobango","fr":"Kuando Kubango"}},"09":{"code":"09","name":{"en":"Huíla","fr":"Huila Province"}},"07":{"code":"07","name":{"en":"Cunene","fr":"Cunene Province"}},"06":{"code":"06","name":{"en":"Kwanza Sul","fr":"Kwanza Sul"}},"02":{"code":"02","name":{"en":"Bíe","fr":"Província do Bié"}},"05":{"code":"05","name":{"en":"Cuanza Norte","fr":"Cuanza Norte Province"}},"03":{"code":"03","name":{"en":"Cabinda","fr":"Cabinda"}},"08":{"code":"08","name":{"en":"Huambo","fr":"Huambo"}},"01":{"code":"01","name":{"en":"Benguela Province","fr":"Benguela"}}}