{"10":{"code":"10","name":{"en":"Jujuy Province","fr":"Jujuy Province"}},"11":{"code":"11","name":{"en":"La Pampa Province","fr":"La Pampa Province"}},"12":{"code":"12","name":{"en":"La Rioja Province","fr":"La Rioja Province"}},"13":{"code":"13","name":{"en":"Mendoza Province","fr":"Mendoza Province"}},"14":{"code":"14","name":{"en":"Misiones Province","fr":"Misiones Province"}},"15":{"code":"15","name":{"en":"Neuquén Province","fr":"Neuquén Province"}},"16":{"code":"16","name":{"en":"Río Negro Province","fr":"Río Negro Province"}},"17":{"code":"17","name":{"en":"Salta Province","fr":"Salta Province"}},"18":{"code":"18","name":{"en":"San Juan Province","fr":"San Juan Province"}},"19":{"code":"19","name":{"en":"San Luis Province","fr":"San Luis Province"}},"20":{"code":"20","name":{"en":"Santa Cruz Province","fr":"Santa Cruz Province"}},"21":{"code":"21","name":{"en":"Santa Fe Province","fr":"Santa Fe Province"}},"22":{"code":"22","name":{"en":"Santiago del Estero Province","fr":"Santiago del Estero Province"}},"23":{"code":"23","name":{"en":"Tierra del Fuego Province","fr":"Tierra del Fuego Province"}},"24":{"code":"24","name":{"en":"Tucumán Province","fr":"Tucumán Province"}},"01":{"code":"01","name":{"en":"Buenos Aires","fr":"Provincia de Buenos Aires"}},"04":{"code":"04","name":{"en":"Chubut Province","fr":"Chubut Province"}},"09":{"code":"09","name":{"en":"Formosa Province","fr":"Formosa Province"}},"08":{"code":"08","name":{"en":"Entre Ríos Province","fr":"Entre Ríos Province"}},"06":{"code":"06","name":{"en":"Corrientes Province","fr":"Corrientes Province"}},"05":{"code":"05","name":{"en":"Cordoba Province","fr":"Córdoba Province"}},"03":{"code":"03","name":{"en":"Chaco Province","fr":"Chaco Province"}},"02":{"code":"02","name":{"en":"Catamarca Province","fr":"Catamarca Province"}},"07":{"code":"07","name":{"en":"Buenos Aires F.D.","fr":"Buenos Aires"}}}