{"03":{"code":"03","name":{"en":"Lower Austria","fr":"Basse-Autriche"}},"02":{"code":"02","name":{"en":"Carinthia","fr":"Carinthie"}},"07":{"code":"07","name":{"en":"Tyrol","fr":"Tyrol"}},"06":{"code":"06","name":{"en":"Styria","fr":"Styrie"}},"05":{"code":"05","name":{"en":"Salzburg","fr":"Salzbourg"}},"04":{"code":"04","name":{"en":"Upper Austria","fr":"Haute-Autriche"}},"01":{"code":"01","name":{"en":"Burgenland","fr":"Burgenland"}},"09":{"code":"09","name":{"en":"Vienna","fr":"Vienne"}},"08":{"code":"08","name":{"en":"Vorarlberg","fr":"Vorarlberg"}}}