{"04":{"code":"04","name":{"en":"Queensland","fr":"State of Queensland"}},"07":{"code":"07","name":{"en":"Victoria","fr":"State of Victoria"}},"02":{"code":"02","name":{"en":"New South Wales","fr":"Nouvelle-Galles du Sud"}},"05":{"code":"05","name":{"en":"South Australia","fr":"Australie-Méridionale"}},"03":{"code":"03","name":{"en":"Northern Territory","fr":"Territoire du Nord"}},"08":{"code":"08","name":{"en":"Western Australia","fr":"Australie-Occidentale"}},"06":{"code":"06","name":{"en":"Tasmania","fr":"Tasmanie"}},"01":{"code":"01","name":{"en":"Australian Capital Territory","fr":"Territoire de la capitale australienne"}}}