{"10":{"code":"10","name":{"en":"Balakan Rayon","fr":"Balakan Rayon"}},"11":{"code":"11","name":{"en":"Barda Rayon","fr":"Barda Rayon"}},"12":{"code":"12","name":{"en":"Beylagan Rayon","fr":"Beylagan Rayon"}},"13":{"code":"13","name":{"en":"Bilasuvar Rayon","fr":"Bilasuvar Rayon"}},"14":{"code":"14","name":{"en":"Jabrayil","fr":"Jabrayil District"}},"15":{"code":"15","name":{"en":"Jalilabad","fr":"Jalilabad"}},"16":{"code":"16","name":{"en":"Dashkasan Rayon","fr":"Dashkasan Rayon"}},"17":{"code":"17","name":{"en":"Shabran","fr":"Shabran Rayon"}},"18":{"code":"18","name":{"en":"Fizuli Rayon","fr":"Fizuli Rayon"}},"19":{"code":"19","name":{"en":"Gadabay Rayon","fr":"Gadabay Rayon"}},"20":{"code":"20","name":{"en":"Ganja City","fr":"Ganja City"}},"21":{"code":"21","name":{"en":"Goranboy Rayon","fr":"Goranboy Rayon"}},"22":{"code":"22","name":{"en":"Goychay Rayon","fr":"Goychay Rayon"}},"23":{"code":"23","name":{"en":"Hajigabul Rayon","fr":"Hajigabul Rayon"}},"24":{"code":"24","name":{"en":"Imishli Rayon","fr":"Imishli Rayon"}},"25":{"code":"25","name":{"en":"Ismayilli Rayon","fr":"Ismayilli Rayon"}},"26":{"code":"26","name":{"en":"Kalbajar","fr":"Kalbajar District"}},"27":{"code":"27","name":{"en":"Kurdamir Rayon","fr":"Kurdamir Rayon"}},"28":{"code":"28","name":{"en":"Laçın Rayonu","fr":"Laçın Rayonu"}},"29":{"code":"29","name":{"en":"Lankaran Rayon","fr":"Lankaran Rayon"}},"30":{"code":"30","name":{"en":"Lankaran Sahari","fr":"Lankaran Sahari"}},"31":{"code":"31","name":{"en":"Lerik Rayon","fr":"Lerik Rayon"}},"32":{"code":"32","name":{"en":"Masally","fr":"Masally District"}},"33":{"code":"33","name":{"en":"Mingacevir City","fr":"Mingacevir City"}},"34":{"code":"34","name":{"en":"Naftalan City","fr":"Naftalan City"}},"35":{"code":"35","name":{"en":"Nakhichevan","fr":"Nakhitchevan"}},"36":{"code":"36","name":{"en":"Neftchala Rayon","fr":"Neftchala Rayon"}},"37":{"code":"37","name":{"en":"Oghuz Rayon","fr":"Oghuz Rayon"}},"38":{"code":"38","name":{"en":"Qabala Rayon","fr":"Qabala Rayon"}},"39":{"code":"39","name":{"en":"Qakh Rayon","fr":"Qakh Rayon"}},"40":{"code":"40","name":{"en":"Qazakh Rayon","fr":"Qazakh Rayon"}},"41":{"code":"41","name":{"en":"Gobustan Rayon","fr":"Gobustan Rayon"}},"42":{"code":"42","name":{"en":"Quba Rayon","fr":"Quba Rayon"}},"43":{"code":"43","name":{"en":"Qubadli Rayon","fr":"Qubadli Rayon"}},"44":{"code":"44","name":{"en":"Qusar Rayon","fr":"Qusar Rayon"}},"45":{"code":"45","name":{"en":"Saatly Rayon","fr":"Saatly Rayon"}},"46":{"code":"46","name":{"en":"Sabirabad Rayon","fr":"Sabirabad Rayon"}},"47":{"code":"47","name":{"en":"Shaki Rayon","fr":"Shaki Rayon"}},"48":{"code":"48","name":{"en":"Shaki City","fr":"Shaki city"}},"49":{"code":"49","name":{"en":"Salyan Rayon","fr":"Salyan Rayon"}},"50":{"code":"50","name":{"en":"Shamakhi Rayon","fr":"Shamakhi Rayon"}},"51":{"code":"51","name":{"en":"Shamkir Rayon","fr":"Shamkir Rayon"}},"52":{"code":"52","name":{"en":"Samukh Rayon","fr":"Samukh Rayon"}},"53":{"code":"53","name":{"en":"Siazan Rayon","fr":"Siazan Rayon"}},"54":{"code":"54","name":{"en":"Sumqayit City","fr":"Sumqayit City"}},"55":{"code":"55","name":{"en":"Şuşa Rayonu","fr":"Şuşa Rayonu"}},"56":{"code":"56","name":{"en":"Shusha","fr":"Shusha"}},"57":{"code":"57","name":{"en":"Tartar Rayon","fr":"Tartar Rayon"}},"58":{"code":"58","name":{"en":"Tovuz Rayon","fr":"Tovuz Rayon"}},"59":{"code":"59","name":{"en":"Ujar Rayon","fr":"Ujar Rayon"}},"60":{"code":"60","name":{"en":"Khachmaz Rayon","fr":"Khachmaz Rayon"}},"61":{"code":"61","name":{"en":"Xankandi Sahari","fr":"Xankandi Sahari"}},"62":{"code":"62","name":{"en":"Goygol Rayon","fr":"Goygol Rayon"}},"63":{"code":"63","name":{"en":"Khizi Rayon","fr":"Khizi Rayon"}},"64":{"code":"64","name":{"en":"Xocalı Rayonu","fr":"Xocalı Rayonu"}},"65":{"code":"65","name":{"en":"Khojavend","fr":"Khojavend District"}},"66":{"code":"66","name":{"en":"Yardymli Rayon","fr":"Yardymli Rayon"}},"67":{"code":"67","name":{"en":"Yevlakh Rayon","fr":"Yevlakh Rayon"}},"68":{"code":"68","name":{"en":"Yevlax City","fr":"Yevlakh City"}},"69":{"code":"69","name":{"en":"Zangilan Rayon","fr":"Zangilan Rayon"}},"70":{"code":"70","name":{"en":"Zaqatala Rayon","fr":"Zaqatala Rayon"}},"71":{"code":"71","name":{"en":"Zardab Rayon","fr":"Zardab Rayon"}},"75":{"code":"75","name":{"en":"Nakhchivan","fr":"Nakhchivan"}},"09":{"code":"09","name":{"en":"Baku City","fr":"Baku City"}},"05":{"code":"05","name":{"en":"Aghstafa Rayon","fr":"Aghstafa Rayon"}},"01":{"code":"01","name":{"en":"Absheron Rayon","fr":"Absheron Rayon"}},"06":{"code":"06","name":{"en":"Aghsu Rayon","fr":"Aghsu Rayon"}},"04":{"code":"04","name":{"en":"Aghdash Rayon","fr":"Aghdash Rayon"}},"08":{"code":"08","name":{"en":"Astara","fr":"Astara District"}},"02":{"code":"02","name":{"en":"Aghjabadi Rayon","fr":"Aghjabadi Rayon"}},"03":{"code":"03","name":{"en":"Aghdam Rayon","fr":"Aghdam Rayon"}},"07":{"code":"07","name":{"en":"Shirvan","fr":"Shirvan"}}}