{"10":{"code":"10","name":{"en":"Saint Philip","fr":"Saint Philip"}},"11":{"code":"11","name":{"en":"Saint Thomas","fr":"Saint Thomas"}},"09":{"code":"09","name":{"en":"Saint Peter","fr":"Saint Peter"}},"08":{"code":"08","name":{"en":"Saint Michael","fr":"Saint Michael"}},"07":{"code":"07","name":{"en":"Saint Lucy","fr":"Saint Lucy"}},"06":{"code":"06","name":{"en":"Saint Joseph","fr":"Saint Joseph"}},"05":{"code":"05","name":{"en":"Saint John","fr":"Saint John"}},"04":{"code":"04","name":{"en":"Saint James","fr":"Saint James"}},"03":{"code":"03","name":{"en":"Saint George","fr":"Saint George"}},"02":{"code":"02","name":{"en":"Saint Andrew","fr":"Saint Andrew"}},"01":{"code":"01","name":{"en":"Christ Church","fr":"Christ Church"}}}