{"10":{"code":"10","name":{"en":"Nord","fr":"Nord"}},"11":{"code":"11","name":{"en":"Plateau-Central","fr":"Plateau-Central"}},"12":{"code":"12","name":{"en":"Sahel","fr":"Sahel"}},"13":{"code":"13","name":{"en":"Sud-Ouest","fr":"Sud-Ouest"}},"01":{"code":"01","name":{"en":"Boucle du Mouhoun","fr":"Boucle du Mouhoun"}},"02":{"code":"02","name":{"en":"Cascades Region","fr":"Cascades Region"}},"03":{"code":"03","name":{"en":"Centre","fr":"Centre"}},"04":{"code":"04","name":{"en":"Centre-Est","fr":"Centre-Est"}},"05":{"code":"05","name":{"en":"Centre-Nord","fr":"Centre-Nord"}},"06":{"code":"06","name":{"en":"Centre-Ouest","fr":"Centre-Ouest"}},"07":{"code":"07","name":{"en":"Centre-Sud","fr":"Centre-Sud"}},"08":{"code":"08","name":{"en":"Est","fr":"Est"}},"09":{"code":"09","name":{"en":"Hauts-Bassins","fr":"Hauts-Bassins"}}}