{"38":{"code":"38","name":{"en":"Blagoevgrad","fr":"Blagoevgrad"}},"39":{"code":"39","name":{"en":"Burgas","fr":"Burgas"}},"40":{"code":"40","name":{"en":"Oblast Dobrich","fr":"Oblast Dobrich"}},"41":{"code":"41","name":{"en":"Gabrovo","fr":"Gabrovo"}},"42":{"code":"42","name":{"en":"Sofia-Capital","fr":"Sofia-Grad"}},"43":{"code":"43","name":{"en":"Haskovo","fr":"Haskovo"}},"44":{"code":"44","name":{"en":"Oblast Kardzhali","fr":"Oblast Kardzhali"}},"45":{"code":"45","name":{"en":"Oblast Kyustendil","fr":"Oblast Kyustendil"}},"46":{"code":"46","name":{"en":"Lovech","fr":"Lovech"}},"47":{"code":"47","name":{"en":"Oblast Montana","fr":"Oblast Montana"}},"48":{"code":"48","name":{"en":"Pazardzhik","fr":"Pazardzhik"}},"49":{"code":"49","name":{"en":"Pernik","fr":"Pernik"}},"50":{"code":"50","name":{"en":"Oblast Pleven","fr":"Oblast Pleven"}},"51":{"code":"51","name":{"en":"Plovdiv","fr":"Plovdiv"}},"52":{"code":"52","name":{"en":"Oblast Razgrad","fr":"Oblast Razgrad"}},"53":{"code":"53","name":{"en":"Oblast Ruse","fr":"Oblast Ruse"}},"54":{"code":"54","name":{"en":"Oblast Shumen","fr":"Oblast Shumen"}},"55":{"code":"55","name":{"en":"Oblast Silistra","fr":"Oblast Silistra"}},"56":{"code":"56","name":{"en":"Oblast Sliven","fr":"Oblast Sliven"}},"57":{"code":"57","name":{"en":"Oblast Smolyan","fr":"Oblast Smolyan"}},"58":{"code":"58","name":{"en":"Sofia Province","fr":"Sofia"}},"59":{"code":"59","name":{"en":"Oblast Stara Zagora","fr":"Oblast Stara Zagora"}},"60":{"code":"60","name":{"en":"Oblast Targovishte","fr":"Oblast Targovishte"}},"61":{"code":"61","name":{"en":"Varna","fr":"Varna"}},"62":{"code":"62","name":{"en":"Oblast Veliko Tarnovo","fr":"Oblast Veliko Tarnovo"}},"63":{"code":"63","name":{"en":"Oblast Vidin","fr":"Oblast Vidin"}},"64":{"code":"64","name":{"en":"Oblast Vratsa","fr":"Oblast Vratsa"}},"65":{"code":"65","name":{"en":"Oblast Yambol","fr":"Oblast Yambol"}}}