{"10":{"code":"10","name":{"en":"Bururi","fr":"Province de Bururi"}},"11":{"code":"11","name":{"en":"Cankuzo","fr":"Province de Cankuzo"}},"12":{"code":"12","name":{"en":"Cibitoke","fr":"Province de Cibitoke"}},"13":{"code":"13","name":{"en":"Gitega","fr":"Province de Gitega"}},"14":{"code":"14","name":{"en":"Karuzi","fr":"Province de Karuzi"}},"15":{"code":"15","name":{"en":"Kayanza","fr":"Province de Kayanza"}},"16":{"code":"16","name":{"en":"Kirundo","fr":"Province de Kirundo"}},"17":{"code":"17","name":{"en":"Makamba","fr":"Province de Makamba"}},"18":{"code":"18","name":{"en":"Muyinga","fr":"Province de Muyinga"}},"19":{"code":"19","name":{"en":"Ngozi","fr":"Province de Ngozi"}},"20":{"code":"20","name":{"en":"Rutana","fr":"Province de Rutana"}},"21":{"code":"21","name":{"en":"Ruyigi","fr":"Province de Ruyigi"}},"22":{"code":"22","name":{"en":"Muramvya","fr":"Province de Muramvya"}},"23":{"code":"23","name":{"en":"Mwaro","fr":"Province de Mwaro"}},"24":{"code":"24","name":{"en":"Bujumbura Mairie","fr":"Bujumbura Mairie Province"}},"25":{"code":"25","name":{"en":"Bujumbura Rural","fr":"Bujumbura Rural Province"}},"26":{"code":"26","name":{"en":"Rumonge","fr":"Rumonge Province"}},"09":{"code":"09","name":{"en":"Bubanza","fr":"Province de Bubanza"}}}