{"10":{"code":"10","name":{"en":"Borgou","fr":"Borgou Department"}},"11":{"code":"11","name":{"en":"Collines","fr":"Collines Department"}},"12":{"code":"12","name":{"en":"Kouffo","fr":"Kouffo Department"}},"13":{"code":"13","name":{"en":"Donga","fr":"Donga"}},"14":{"code":"14","name":{"en":"Littoral","fr":"Littoral"}},"15":{"code":"15","name":{"en":"Mono","fr":"Mono"}},"16":{"code":"16","name":{"en":"Ouémé","fr":"Ouémé"}},"17":{"code":"17","name":{"en":"Plateau","fr":"Plateau Department"}},"18":{"code":"18","name":{"en":"Zou","fr":"Zou Department"}},"08":{"code":"08","name":{"en":"Atakora","fr":"Atakora Department"}},"09":{"code":"09","name":{"en":"Atlantique","fr":"Atlantique Department"}},"07":{"code":"07","name":{"en":"Alibori","fr":"Alibori"}}}