{"10":{"code":"10","name":{"en":"Southampton Parish","fr":"Southampton Parish"}},"11":{"code":"11","name":{"en":"Warwick Parish","fr":"Warwick Parish"}},"09":{"code":"09","name":{"en":"Smith’s Parish","fr":"Smith’s Parish"}},"08":{"code":"08","name":{"en":"Sandys Parish","fr":"Sandys Parish"}},"07":{"code":"07","name":{"en":"Saint George’s Parish","fr":"Saint George’s Parish"}},"06":{"code":"06","name":{"en":"Saint George","fr":"Saint George"}},"05":{"code":"05","name":{"en":"Pembroke Parish","fr":"Pembroke Parish"}},"04":{"code":"04","name":{"en":"Paget","fr":"Paget Parish"}},"02":{"code":"02","name":{"en":"Hamilton Parish","fr":"Hamilton"}},"03":{"code":"03","name":{"en":"Hamilton city","fr":"Hamilton"}},"01":{"code":"01","name":{"en":"Devonshire Parish","fr":"Devonshire Parish"}}}