{"08":{"code":"08","name":{"en":"Departamento de Santa Cruz","fr":"Departamento de Santa Cruz"}},"03":{"code":"03","name":{"en":"El Beni","fr":"El Beni"}},"06":{"code":"06","name":{"en":"Departamento de Pando","fr":"Departamento de Pando"}},"04":{"code":"04","name":{"en":"Departamento de La Paz","fr":"Departamento de La Paz"}},"07":{"code":"07","name":{"en":"Departamento de Potosí","fr":"Departamento de Potosí"}},"02":{"code":"02","name":{"en":"Departamento de Cochabamba","fr":"Departamento de Cochabamba"}},"01":{"code":"01","name":{"en":"Departamento de Chuquisaca","fr":"Departamento de Chuquisaca"}},"05":{"code":"05","name":{"en":"Oruro","fr":"Departamento de Oruro"}},"09":{"code":"09","name":{"en":"Departamento de Tarija","fr":"Departamento de Tarija"}}}