{"11":{"code":"11","name":{"en":"Mato Grosso do Sul","fr":"Mato Grosso do Sul"}},"13":{"code":"13","name":{"en":"Maranhão","fr":"Maranhão"}},"14":{"code":"14","name":{"en":"Mato Grosso","fr":"Mato Grosso"}},"15":{"code":"15","name":{"en":"Minas Gerais","fr":"Minas Gerais"}},"16":{"code":"16","name":{"en":"Pará","fr":"Pará"}},"17":{"code":"17","name":{"en":"Paraíba","fr":"Paraíba"}},"18":{"code":"18","name":{"en":"Paraná","fr":"Paraná"}},"20":{"code":"20","name":{"en":"Piauí","fr":"Piauí"}},"21":{"code":"21","name":{"en":"Rio de Janeiro","fr":"Rio de Janeiro"}},"22":{"code":"22","name":{"en":"Rio Grande do Norte","fr":"Rio Grande do Norte"}},"23":{"code":"23","name":{"en":"Rio Grande do Sul","fr":"Rio Grande do Sul"}},"24":{"code":"24","name":{"en":"Rondônia","fr":"Rondônia"}},"25":{"code":"25","name":{"en":"Roraima","fr":"Roraima"}},"26":{"code":"26","name":{"en":"Santa Catarina","fr":"Santa Catarina"}},"27":{"code":"27","name":{"en":"São Paulo","fr":"São Paulo"}},"28":{"code":"28","name":{"en":"Sergipe","fr":"Sergipe"}},"29":{"code":"29","name":{"en":"Goiás","fr":"Goiás"}},"30":{"code":"30","name":{"en":"Pernambuco","fr":"Pernambouc"}},"31":{"code":"31","name":{"en":"Tocantins","fr":"Tocantins"}},"06":{"code":"06","name":{"en":"Ceará","fr":"Ceará"}},"05":{"code":"05","name":{"en":"Bahia","fr":"Bahia"}},"08":{"code":"08","name":{"en":"Espírito Santo","fr":"Espírito Santo"}},"04":{"code":"04","name":{"en":"Amazonas","fr":"Amazonas"}},"01":{"code":"01","name":{"en":"Acre","fr":"Acre"}},"03":{"code":"03","name":{"en":"Amapá","fr":"Amapá"}},"02":{"code":"02","name":{"en":"Alagoas","fr":"Alagoas"}},"07":{"code":"07","name":{"en":"Federal District","fr":"District fédéral"}}}