{"10":{"code":"10","name":{"en":"Exuma District","fr":"Exuma District"}},"13":{"code":"13","name":{"en":"Inagua","fr":"Inagua"}},"15":{"code":"15","name":{"en":"Long Island","fr":"Long Island"}},"16":{"code":"16","name":{"en":"Mayaguana District","fr":"Mayaguana District"}},"18":{"code":"18","name":{"en":"Ragged Island District","fr":"Ragged Island District"}},"22":{"code":"22","name":{"en":"Harbour Island","fr":"Harbour Island District"}},"23":{"code":"23","name":{"en":"New Providence District","fr":"New Providence"}},"24":{"code":"24","name":{"en":"Acklins Island District","fr":"Acklins Island District"}},"25":{"code":"25","name":{"en":"City of Freeport District","fr":"City of Freeport District"}},"32":{"code":"32","name":{"en":"Berry Islands District","fr":"Berry Islands District"}},"35":{"code":"35","name":{"en":"San Salvador District","fr":"San Salvador"}},"36":{"code":"36","name":{"en":"Black Point District","fr":"Black Point District"}},"37":{"code":"37","name":{"en":"Central Abaco District","fr":"Central Abaco District"}},"38":{"code":"38","name":{"en":"Central Andros District","fr":"Central Andros District"}},"39":{"code":"39","name":{"en":"Central Eleuthera District","fr":"Central Eleuthera District"}},"40":{"code":"40","name":{"en":"Crooked Island and Long Cay District","fr":"Crooked Island and Long Cay District"}},"41":{"code":"41","name":{"en":"East Grand Bahama District","fr":"East Grand Bahama District"}},"42":{"code":"42","name":{"en":"Grand Cay District","fr":"Grand Cay District"}},"43":{"code":"43","name":{"en":"Hope Town District","fr":"Hope Town District"}},"44":{"code":"44","name":{"en":"Mangrove Cay","fr":"Mangrove Cay"}},"45":{"code":"45","name":{"en":"Moore’s Island District","fr":"Moore’s Island District"}},"46":{"code":"46","name":{"en":"North Abaco District","fr":"North Abaco District"}},"47":{"code":"47","name":{"en":"North Andros District","fr":"North Andros District"}},"48":{"code":"48","name":{"en":"North Eleuthera","fr":"North Eleuthera District"}},"49":{"code":"49","name":{"en":"Rum Cay","fr":"Rum Cay"}},"50":{"code":"50","name":{"en":"South Abaco District","fr":"South Abaco District"}},"51":{"code":"51","name":{"en":"South Andros","fr":"South Andros"}},"52":{"code":"52","name":{"en":"South Eleuthera","fr":"South Eleuthera"}},"53":{"code":"53","name":{"en":"Spanish Wells District","fr":"Spanish Wells District"}},"54":{"code":"54","name":{"en":"West Grand Bahama District","fr":"West Grand Bahama District"}},"06":{"code":"06","name":{"en":"Cat Island","fr":"Cat Island"}},"05":{"code":"05","name":{"en":"Bimini","fr":"Bimini District"}}}