{"10":{"code":"10","name":{"en":"Haa District","fr":"Haa Dzongkhag"}},"11":{"code":"11","name":{"en":"Lhuntse District","fr":"Lhuentse Dzongkhag"}},"12":{"code":"12","name":{"en":"Mongar District","fr":"Mongar Dzongkhag"}},"13":{"code":"13","name":{"en":"Paro","fr":"Paro"}},"14":{"code":"14","name":{"en":"Pemagatshel District","fr":"Pemagatshel Dzongkhag"}},"15":{"code":"15","name":{"en":"Punakha Dzongkhag","fr":"Punakha Dzongkhag"}},"16":{"code":"16","name":{"en":"Samtse Dzongkhag","fr":"Samtse Dzongkhag"}},"17":{"code":"17","name":{"en":"Samdrup Jongkhar","fr":"Samdrup Jongkhar"}},"18":{"code":"18","name":{"en":"Zhemgang Dzongkhag","fr":"Zhemgang Dzongkhag"}},"19":{"code":"19","name":{"en":"Trashigang Dzongkhag","fr":"Trashigang Dzongkhag"}},"20":{"code":"20","name":{"en":"Thimphu Dzongkhag","fr":"Thimphu Dzongkhag"}},"21":{"code":"21","name":{"en":"Trongsa Dzongkhag","fr":"Trongsa Dzongkhag"}},"22":{"code":"22","name":{"en":"Wangdue Phodrang Dzongkhag","fr":"Wangdue Phodrang Dzongkhag"}},"23":{"code":"23","name":{"en":"Gasa District","fr":"Gasa"}},"24":{"code":"24","name":{"en":"Trashi Yangste","fr":"Trashi Yangste"}},"05":{"code":"05","name":{"en":"Bumthang Dzongkhag","fr":"Bumthang Dzongkhag"}},"06":{"code":"06","name":{"en":"Chukha District","fr":"Chhukha Dzongkhag"}},"08":{"code":"08","name":{"en":"Dagana District","fr":"Dagana Dzongkhag"}},"07":{"code":"07","name":{"en":"Tsirang Dzongkhag","fr":"Tsirang Dzongkhag"}},"09":{"code":"09","name":{"en":"Sarpang Dzongkhag","fr":"Sarpang Dzongkhag"}}}