{"10":{"code":"10","name":{"en":"Ngwaketsi","fr":"Southern District"}},"11":{"code":"11","name":{"en":"North-West","fr":"North West District"}},"01":{"code":"01","name":{"en":"Central","fr":"Central District"}},"04":{"code":"04","name":{"en":"Kgalagadi","fr":"Kgalagadi District"}},"03":{"code":"03","name":{"en":"Ghanzi","fr":"Ghanzi District"}},"08":{"code":"08","name":{"en":"North-East","fr":"North East District"}},"06":{"code":"06","name":{"en":"Kweneng","fr":"Kweneng District"}},"05":{"code":"05","name":{"en":"Kgatleng","fr":"Kgatleng District"}},"09":{"code":"09","name":{"en":"South-East","fr":"Sud-Est"}}}