{"10":{"code":"10","name":{"en":"Quebec","fr":"Québec"}},"11":{"code":"11","name":{"en":"Saskatchewan","fr":"Saskatchewan"}},"12":{"code":"12","name":{"en":"Yukon","fr":"Yukon"}},"13":{"code":"13","name":{"en":"Northwest Territories","fr":"Territoires du Nord-Ouest"}},"14":{"code":"14","name":{"en":"Nunavut","fr":"Nunavut"}},"02":{"code":"02","name":{"en":"British Columbia","fr":"Colombie-Britannique"}},"01":{"code":"01","name":{"en":"Alberta","fr":"Alberta"}},"03":{"code":"03","name":{"en":"Manitoba","fr":"Manitoba"}},"08":{"code":"08","name":{"en":"Ontario","fr":"Ontario"}},"05":{"code":"05","name":{"en":"Newfoundland and Labrador","fr":"Terre-Neuve-et-Labrador"}},"04":{"code":"04","name":{"en":"New Brunswick","fr":"Nouveau-Brunswick"}},"07":{"code":"07","name":{"en":"Nova Scotia","fr":"Nouvelle-Écosse"}},"09":{"code":"09","name":{"en":"Prince Edward Island","fr":"Île-du-Prince-Édouard"}}}