{"10":{"code":"10","name":{"en":"Maniema","fr":"Province du Maniema"}},"11":{"code":"11","name":{"en":"Nord Kivu","fr":"Province du Nord-Kivu"}},"12":{"code":"12","name":{"en":"South Kivu","fr":"South Kivu Province"}},"04":{"code":"04","name":{"en":"Kasaï-Oriental","fr":"Province du Kasaï-Oriental"}},"03":{"code":"03","name":{"en":"Kasaï-Occidental","fr":"Province du Kasaï-Occidental"}},"09":{"code":"09","name":{"en":"Orientale","fr":"Province de Stanleyville"}},"02":{"code":"02","name":{"en":"Équateur","fr":"Province de l’Équateur"}},"01":{"code":"01","name":{"en":"Bandundu","fr":"Bandundu Province"}},"05":{"code":"05","name":{"en":"Katanga","fr":"Katanga Province"}},"06":{"code":"06","name":{"en":"Kinshasa","fr":"Kinshasa City"}},"08":{"code":"08","name":{"en":"Bas-Congo","fr":"Province du Kongo Central"}}}