{"11":{"code":"11","name":{"en":"Ouaka","fr":"Ouaka"}},"12":{"code":"12","name":{"en":"Ouham","fr":"Ouham"}},"13":{"code":"13","name":{"en":"Ouham-Pendé","fr":"Préfecture de l’Ouham-Pendé"}},"14":{"code":"14","name":{"en":"Vakaga","fr":"Vakaga"}},"15":{"code":"15","name":{"en":"Nana-Grébizi","fr":"Préfecture de la Nana-Grébizi"}},"16":{"code":"16","name":{"en":"Sangha-Mbaéré","fr":"Préfecture de la Sangha-Mbaéré"}},"17":{"code":"17","name":{"en":"Ombella-M'Poko","fr":"Ombella-Mpoko"}},"18":{"code":"18","name":{"en":"Bangui","fr":"Commune de Bangui"}},"08":{"code":"08","name":{"en":"Mbomou","fr":"Mbomou"}},"05":{"code":"05","name":{"en":"Haut-Mbomou","fr":"Haut-Mbomou"}},"03":{"code":"03","name":{"en":"Haute-Kotto","fr":"Haute-Kotto"}},"01":{"code":"01","name":{"en":"Bamingui-Bangoran","fr":"Bamingui-Bangoran"}},"09":{"code":"09","name":{"en":"Nana-Mambéré","fr":"Préfecture de la Nana-Mambéré"}},"07":{"code":"07","name":{"en":"Lobaye","fr":"Lobaye"}},"06":{"code":"06","name":{"en":"Kémo","fr":"Préfecture de la Kémo"}},"04":{"code":"04","name":{"en":"Mambéré-Kadéï","fr":"Mambéré-Kadéï"}},"02":{"code":"02","name":{"en":"Basse-Kotto","fr":"Basse-Kotto"}}}