{"10":{"code":"10","name":{"en":"Sangha","fr":"Sangha"}},"11":{"code":"11","name":{"en":"Pool","fr":"Pool"}},"12":{"code":"12","name":{"en":"Brazzaville","fr":"Commune de Brazzaville"}},"13":{"code":"13","name":{"en":"Cuvette","fr":"Cuvette"}},"14":{"code":"14","name":{"en":"Cuvette-Ouest","fr":"Cuvette-Ouest"}},"7280295":{"code":"7280295","name":{"en":"Pointe-Noire","fr":"Pointe-Noire"}},"06":{"code":"06","name":{"en":"Likouala","fr":"Likouala"}},"01":{"code":"01","name":{"en":"Bouenza","fr":"Région de la Bouenza"}},"08":{"code":"08","name":{"en":"Plateaux","fr":"Plateaux"}},"07":{"code":"07","name":{"en":"Niari","fr":"Région du Niari"}},"05":{"code":"05","name":{"en":"Lékoumou","fr":"Lékoumou"}},"04":{"code":"04","name":{"en":"Kouilou","fr":"Région du Kouilou"}}}