{"VS":{"code":"VS","name":{"en":"Valais","fr":"Valais"}},"GR":{"code":"GR","name":{"en":"Canton Grisons","fr":"Grisons"}},"BE":{"code":"BE","name":{"en":"Bern","fr":"Berne"}},"ZH":{"code":"ZH","name":{"en":"Zurich","fr":"Zurich"}},"ZG":{"code":"ZG","name":{"en":"Zug","fr":"Zoug"}},"VD":{"code":"VD","name":{"en":"Vaud","fr":"Vaud"}},"UR":{"code":"UR","name":{"en":"Uri","fr":"Uri"}},"TI":{"code":"TI","name":{"en":"Ticino","fr":"Tessin"}},"TG":{"code":"TG","name":{"en":"Thurgau","fr":"Thurgovie"}},"SO":{"code":"SO","name":{"en":"Solothurn","fr":"Soleure"}},"SZ":{"code":"SZ","name":{"en":"Schwyz","fr":"Schwytz"}},"SH":{"code":"SH","name":{"en":"Schaffhausen","fr":"Schaffhouse"}},"SG":{"code":"SG","name":{"en":"Saint Gallen","fr":"Saint-Gall"}},"OW":{"code":"OW","name":{"en":"Obwalden","fr":"Obwald"}},"NW":{"code":"NW","name":{"en":"Nidwalden","fr":"Nidwald"}},"NE":{"code":"NE","name":{"en":"Neuchâtel","fr":"Neuchâtel"}},"LU":{"code":"LU","name":{"en":"Lucerne","fr":"Lucerne"}},"JU":{"code":"JU","name":{"en":"Jura","fr":"Jura"}},"GL":{"code":"GL","name":{"en":"Glarus","fr":"Glaris"}},"GE":{"code":"GE","name":{"en":"Geneva","fr":"Genève"}},"FR":{"code":"FR","name":{"en":"Fribourg","fr":"Fribourg"}},"BS":{"code":"BS","name":{"en":"Basel-City","fr":"Bâle-Ville"}},"BL":{"code":"BL","name":{"en":"Basel-Landschaft","fr":"Canton de Bâle-Campagne"}},"AR":{"code":"AR","name":{"en":"Appenzell Ausserrhoden","fr":"Appenzell Rhodes-Extérieures"}},"AI":{"code":"AI","name":{"en":"Appenzell Innerrhoden","fr":"Appenzell Rhodes-Intérieures"}},"AG":{"code":"AG","name":{"en":"Aargau","fr":"Argovie"}}}