{"76":{"code":"76","name":{"en":"Bas-Sassandra","fr":"Bas-Sassandra"}},"77":{"code":"77","name":{"en":"Denguélé","fr":"Denguélé"}},"78":{"code":"78","name":{"en":"Montagnes","fr":"Montagnes"}},"81":{"code":"81","name":{"en":"Lacs","fr":"Lacs"}},"82":{"code":"82","name":{"en":"Lagunes","fr":"Lagunes"}},"87":{"code":"87","name":{"en":"Savanes","fr":"Savanes"}},"90":{"code":"90","name":{"en":"Vallée du Bandama","fr":"Vallée du Bandama"}},"92":{"code":"92","name":{"en":"Zanzan","fr":"Zanzan"}},"93":{"code":"93","name":{"en":"Abidjan","fr":"Abidjan"}},"94":{"code":"94","name":{"en":"Comoé","fr":"Comoé"}},"95":{"code":"95","name":{"en":"Gôh-Djiboua","fr":"Gôh-Djiboua"}},"96":{"code":"96","name":{"en":"Sassandra-Marahoué","fr":"Sassandra-Marahoué"}},"97":{"code":"97","name":{"en":"Woroba","fr":"Woroba"}},"98":{"code":"98","name":{"en":"Yamoussoukro Autonomous District","fr":"Yamoussoukro Autonomous District"}}}