{"10":{"code":"10","name":{"en":"Región de Magallanes y de la Antártica Chilena","fr":"Región de Magallanes y de la Antártica Chilena"}},"11":{"code":"11","name":{"en":"Maule","fr":"Maule"}},"12":{"code":"12","name":{"en":"Santiago Metropolitan","fr":"Région métropolitaine de Santiago"}},"14":{"code":"14","name":{"en":"Los Lagos","fr":"Los Lagos"}},"15":{"code":"15","name":{"en":"Tarapacá","fr":"Région de Tarapacá"}},"16":{"code":"16","name":{"en":"Región de Arica y Parinacota","fr":"Región de Arica y Parinacota"}},"17":{"code":"17","name":{"en":"Región de Los Ríos","fr":"Región de Los Ríos"}},"02":{"code":"02","name":{"en":"Aysén","fr":"Aysén"}},"05":{"code":"05","name":{"en":"Atacama","fr":"Atacama"}},"03":{"code":"03","name":{"en":"Antofagasta","fr":"Antofagasta"}},"08":{"code":"08","name":{"en":"Región del Libertador General Bernardo O’Higgins","fr":"Región del Libertador General Bernardo O’Higgins"}},"07":{"code":"07","name":{"en":"Coquimbo","fr":"Coquimbo"}},"06":{"code":"06","name":{"en":"Región del Biobío","fr":"Región del Biobío"}},"04":{"code":"04","name":{"en":"Región de la Araucanía","fr":"Región de la Araucanía"}},"01":{"code":"01","name":{"en":"Región de Valparaíso","fr":"Región de Valparaíso"}}}