{"10":{"code":"10","name":{"en":"Adamaoua","fr":"Région de l’Adamaoua"}},"11":{"code":"11","name":{"en":"Centre","fr":"Province du Centre"}},"12":{"code":"12","name":{"en":"Far North","fr":"Extreme-Nord"}},"13":{"code":"13","name":{"en":"North","fr":"Province du Nord"}},"14":{"code":"14","name":{"en":"South","fr":"Région du Sud"}},"04":{"code":"04","name":{"en":"East","fr":"Région de l’Est"}},"08":{"code":"08","name":{"en":"West","fr":"Région de l’Ouest"}},"07":{"code":"07","name":{"en":"North-West","fr":"Nord-Ouest"}},"05":{"code":"05","name":{"en":"Littoral","fr":"Province du Littoral"}},"09":{"code":"09","name":{"en":"South-West","fr":"Région du Sud-Ouest"}}}