{"10":{"code":"10","name":{"en":"Hebei","fr":"Province de Hebei"}},"11":{"code":"11","name":{"en":"Hunan","fr":"Province de Hunan"}},"12":{"code":"12","name":{"en":"Hubei","fr":"Province de Hubei"}},"13":{"code":"13","name":{"en":"Xinjiang Uyghur Autonomous Region","fr":"Région autonome de Xinjiang"}},"14":{"code":"14","name":{"en":"Tibet Autonomous Region","fr":"Région autonome du Tibet"}},"15":{"code":"15","name":{"en":"Gansu","fr":"Province de Gansu"}},"16":{"code":"16","name":{"en":"Guangxi Zhuang Autonomous Region","fr":"Région autonome de Guangxi"}},"18":{"code":"18","name":{"en":"Guizhou","fr":"Province de Guizhou"}},"19":{"code":"19","name":{"en":"Liaoning","fr":"Province de Liaoning"}},"20":{"code":"20","name":{"en":"Inner Mongolia","fr":"Région autonome de Mongolie-Intérieure"}},"21":{"code":"21","name":{"en":"Ningsia Hui Autonomous Region","fr":"Région autonome de Ningxia"}},"22":{"code":"22","name":{"en":"Beijing","fr":"Municipalité de Pékin"}},"23":{"code":"23","name":{"en":"Shanghai","fr":"Municipalité de Shanghai"}},"24":{"code":"24","name":{"en":"Shanxi","fr":"Province de Shanxi"}},"25":{"code":"25","name":{"en":"Shandong","fr":"Province de Shandong"}},"26":{"code":"26","name":{"en":"Shaanxi","fr":"Province de Shaanxi"}},"28":{"code":"28","name":{"en":"Tianjin","fr":"Municipalité de Tianjin"}},"29":{"code":"29","name":{"en":"Yunnan","fr":"Province de Yunnan"}},"30":{"code":"30","name":{"en":"Guangdong","fr":"Province de Guangdong"}},"31":{"code":"31","name":{"en":"Hainan","fr":"Province de Hainan"}},"32":{"code":"32","name":{"en":"Sichuan","fr":"Province de Sichuan"}},"33":{"code":"33","name":{"en":"Chongqing","fr":"Municipalité de Chongqing"}},"03":{"code":"03","name":{"en":"Jiangxi","fr":"Province de Jiangxi"}},"04":{"code":"04","name":{"en":"Jiangsu","fr":"Province de Jiangsu"}},"02":{"code":"02","name":{"en":"Zhejiang","fr":"Province de Zhejiang"}},"09":{"code":"09","name":{"en":"Henan","fr":"Province de Henan"}},"07":{"code":"07","name":{"en":"Fujian","fr":"Province de Fujian"}},"01":{"code":"01","name":{"en":"Anhui","fr":"Province d'Anhui"}},"05":{"code":"05","name":{"en":"Jilin","fr":"Province de Jilin"}},"08":{"code":"08","name":{"en":"Heilongjiang","fr":"Province de Heilongjiang"}},"06":{"code":"06","name":{"en":"Qinghai","fr":"Province de Qinghai"}}}