{"10":{"code":"10","name":{"en":"Departamento del Cesar","fr":"Departamento del Cesar"}},"11":{"code":"11","name":{"en":"Departamento del Chocó","fr":"Departamento del Chocó"}},"12":{"code":"12","name":{"en":"Departamento de Córdoba","fr":"Departamento de Córdoba"}},"14":{"code":"14","name":{"en":"Departamento del Guaviare","fr":"Departamento del Guaviare"}},"15":{"code":"15","name":{"en":"Departamento del Guainía","fr":"Departamento del Guainía"}},"16":{"code":"16","name":{"en":"Departamento del Huila","fr":"Departamento del Huila"}},"17":{"code":"17","name":{"en":"Departamento de La Guajira","fr":"Departamento de La Guajira"}},"19":{"code":"19","name":{"en":"Departamento del Meta","fr":"Departamento del Meta"}},"20":{"code":"20","name":{"en":"Departamento de Nariño","fr":"Departamento de Nariño"}},"21":{"code":"21","name":{"en":"Departamento de Norte de Santander","fr":"Departamento de Norte de Santander"}},"22":{"code":"22","name":{"en":"Departamento del Putumayo","fr":"Departamento del Putumayo"}},"23":{"code":"23","name":{"en":"Quindío Department","fr":"Quindío Department"}},"24":{"code":"24","name":{"en":"Departamento de Risaralda","fr":"Departamento de Risaralda"}},"25":{"code":"25","name":{"en":"Providencia y Santa Catalina, Departamento de Archipiélago de San Andrés","fr":"Providencia y Santa Catalina, Departamento de Archipiélago de San Andrés"}},"26":{"code":"26","name":{"en":"Departamento de Santander","fr":"Departamento de Santander"}},"27":{"code":"27","name":{"en":"Departamento de Sucre","fr":"Departamento de Sucre"}},"28":{"code":"28","name":{"en":"Departamento de Tolima","fr":"Departamento de Tolima"}},"29":{"code":"29","name":{"en":"Departamento del Valle del Cauca","fr":"Departamento del Valle del Cauca"}},"30":{"code":"30","name":{"en":"Departamento del Vaupés","fr":"Departamento del Vaupés"}},"31":{"code":"31","name":{"en":"Departamento del Vichada","fr":"Departamento del Vichada"}},"32":{"code":"32","name":{"en":"Departamento de Casanare","fr":"Departamento de Casanare"}},"33":{"code":"33","name":{"en":"Cundinamarca","fr":"Departamento de Cundinamarca"}},"34":{"code":"34","name":{"en":"Bogota D.C.","fr":"Distrito Capital de Bogotá"}},"35":{"code":"35","name":{"en":"Departamento de Bolívar","fr":"Departamento de Bolívar"}},"36":{"code":"36","name":{"en":"Departamento de Boyacá","fr":"Departamento de Boyacá"}},"37":{"code":"37","name":{"en":"Departamento de Caldas","fr":"Departamento de Caldas"}},"38":{"code":"38","name":{"en":"Departamento del Magdalena","fr":"Departamento del Magdalena"}},"01":{"code":"01","name":{"en":"Amazonas","fr":"Amazonas"}},"08":{"code":"08","name":{"en":"Departamento del Caquetá","fr":"Departamento del Caquetá"}},"02":{"code":"02","name":{"en":"Antioquia","fr":"Departamento de Antioquia"}},"09":{"code":"09","name":{"en":"Departamento del Cauca","fr":"Departamento del Cauca"}},"03":{"code":"03","name":{"en":"Departamento de Arauca","fr":"Departamento de Arauca"}},"04":{"code":"04","name":{"en":"Atlántico","fr":"Departamento del Atlántico"}}}