{"08":{"code":"08","name":{"en":"Provincia de San José","fr":"Provincia de San José"}},"07":{"code":"07","name":{"en":"Provincia de Puntarenas","fr":"Provincia de Puntarenas"}},"06":{"code":"06","name":{"en":"Provincia de Limón","fr":"Provincia de Limón"}},"03":{"code":"03","name":{"en":"Provincia de Guanacaste","fr":"Provincia de Guanacaste"}},"01":{"code":"01","name":{"en":"Provincia de Alajuela","fr":"Provincia de Alajuela"}},"04":{"code":"04","name":{"en":"Provincia de Heredia","fr":"Provincia de Heredia"}},"02":{"code":"02","name":{"en":"Provincia de Cartago","fr":"Provincia de Cartago"}}}