{"10":{"code":"10","name":{"en":"Provincia de Guantánamo","fr":"Provincia de Guantánamo"}},"12":{"code":"12","name":{"en":"Provincia de Holguín","fr":"Provincia de Holguín"}},"13":{"code":"13","name":{"en":"Las Tunas","fr":"Las Tunas"}},"14":{"code":"14","name":{"en":"Provincia de Sancti Spíritus","fr":"Provincia de Sancti Spíritus"}},"15":{"code":"15","name":{"en":"Provincia de Santiago de Cuba","fr":"Provincia de Santiago de Cuba"}},"16":{"code":"16","name":{"en":"Provincia de Villa Clara","fr":"Provincia de Villa Clara"}},"01":{"code":"01","name":{"en":"Provincia de Pinar del Río","fr":"Provincia de Pinar del Río"}},"03":{"code":"03","name":{"en":"Provincia de Matanzas","fr":"Provincia de Matanzas"}},"04":{"code":"04","name":{"en":"Municipio Especial Isla de la Juventud","fr":"Municipio Especial Isla de la Juventud"}},"09":{"code":"09","name":{"en":"Provincia Granma","fr":"Provincia Granma"}},"07":{"code":"07","name":{"en":"Provincia de Ciego de Ávila","fr":"Provincia de Ciego de Ávila"}},"05":{"code":"05","name":{"en":"Provincia de Camagüey","fr":"Provincia de Camagüey"}},"02":{"code":"02","name":{"en":"La Habana","fr":"La Habana"}},"08":{"code":"08","name":{"en":"Provincia de Cienfuegos","fr":"Provincia de Cienfuegos"}},"AR":{"code":"AR","name":{"en":"Artemisa","fr":"Artemisa"}},"MA":{"code":"MA","name":{"en":"Mayabeque","fr":"Provincia Mayabeque"}}}