{"11":{"code":"11","name":{"en":"São Vicente","fr":"Concelho de São Vicente"}},"13":{"code":"13","name":{"en":"Mosteiros","fr":"Concelho dos Mosteiros"}},"14":{"code":"14","name":{"en":"Praia","fr":"Concelho da Praia"}},"15":{"code":"15","name":{"en":"Santa Catarina","fr":"Concelho de Santa Catarina"}},"16":{"code":"16","name":{"en":"Santa Cruz","fr":"Concelho de Santa Cruz"}},"17":{"code":"17","name":{"en":"São Domingos","fr":"Concelho de São Domingos"}},"18":{"code":"18","name":{"en":"São Filipe","fr":"Concelho do São Filipe"}},"19":{"code":"19","name":{"en":"São Miguel","fr":"Concelho de São Miguel"}},"20":{"code":"20","name":{"en":"Tarrafal","fr":"Concelho do Tarrafal"}},"21":{"code":"21","name":{"en":"Porto Novo","fr":"Concelho do Porto Novo"}},"22":{"code":"22","name":{"en":"Ribeira Brava","fr":"Concelho da Ribeira Brava"}},"23":{"code":"23","name":{"en":"Ribeira Grande de Santiago","fr":"Concelho de Ribeira Grande de Santiago"}},"24":{"code":"24","name":{"en":"Santa Catarina do Fogo","fr":"Concelho de Santa Catarina do Fogo"}},"25":{"code":"25","name":{"en":"São Lourenço dos Órgãos","fr":"São Lourenço dos Órgãos"}},"26":{"code":"26","name":{"en":"São Salvador do Mundo","fr":"Concelho de São Salvador do Mundo"}},"27":{"code":"27","name":{"en":"Tarrafal de São Nicolau","fr":"Concelho do Tarrafal de São Nicolau"}},"02":{"code":"02","name":{"en":"Brava","fr":"Concelho da Brava"}},"01":{"code":"01","name":{"en":"Boa Vista","fr":"Concelho da Boa Vista"}},"08":{"code":"08","name":{"en":"Sal","fr":"Sal Municipality"}},"07":{"code":"07","name":{"en":"Ribeira Grande","fr":"Concelho da Ribeira Grande"}},"05":{"code":"05","name":{"en":"Paul","fr":"Concelho do Paul"}},"04":{"code":"04","name":{"en":"Maio","fr":"Concelho do Maio"}}}