{"52":{"code":"52","name":{"en":"Hlavní město Praha","fr":"Prague ville-capitale"}},"78":{"code":"78","name":{"en":"South Moravian","fr":"Moravie-du-Sud"}},"79":{"code":"79","name":{"en":"Jihočeský kraj","fr":"Bohême-du-Sud"}},"80":{"code":"80","name":{"en":"Kraj Vysočina","fr":"Kraj Vysočina"}},"81":{"code":"81","name":{"en":"Karlovarský kraj","fr":"Karlovarský kraj"}},"82":{"code":"82","name":{"en":"Královéhradecký kraj","fr":"Královéhradecký kraj"}},"83":{"code":"83","name":{"en":"Liberecký kraj","fr":"Liberecký kraj"}},"84":{"code":"84","name":{"en":"Olomoucký kraj","fr":"Olomoucký kraj"}},"85":{"code":"85","name":{"en":"Moravskoslezský kraj","fr":"Moravie-Silésie"}},"86":{"code":"86","name":{"en":"Pardubický kraj","fr":"Pardubický kraj"}},"87":{"code":"87","name":{"en":"Plzeňský kraj","fr":"Plzeňský kraj"}},"88":{"code":"88","name":{"en":"Central Bohemia","fr":"Bohême-Centrale"}},"89":{"code":"89","name":{"en":"Ústecký kraj","fr":"Ústecký kraj"}},"90":{"code":"90","name":{"en":"Zlín","fr":"Zlínský kraj"}}}