{"10":{"code":"10","name":{"en":"Schleswig-Holstein","fr":"Schleswig-Holstein"}},"11":{"code":"11","name":{"en":"Brandenburg","fr":"Brandebourg"}},"12":{"code":"12","name":{"en":"Mecklenburg-Vorpommern","fr":"Mecklembourg-Poméranie"}},"13":{"code":"13","name":{"en":"Saxony","fr":"Saxe"}},"14":{"code":"14","name":{"en":"Saxony-Anhalt","fr":"Saxe-Anhalt"}},"15":{"code":"15","name":{"en":"Thuringia","fr":"Thuringe"}},"16":{"code":"16","name":{"en":"Land Berlin","fr":"Berlin"}},"06":{"code":"06","name":{"en":"Lower Saxony","fr":"Basse-Saxe"}},"02":{"code":"02","name":{"en":"Bavaria","fr":"Bavière"}},"05":{"code":"05","name":{"en":"Hesse","fr":"Hesse"}},"08":{"code":"08","name":{"en":"Rheinland-Pfalz","fr":"Rhénanie-Palatinat"}},"07":{"code":"07","name":{"en":"North Rhine-Westphalia","fr":"Rhénanie du Nord-Westphalie"}},"01":{"code":"01","name":{"en":"Baden-Württemberg","fr":"Bade-Wurtemberg"}},"04":{"code":"04","name":{"en":"Hamburg","fr":"Hambourg"}},"09":{"code":"09","name":{"en":"Saarland","fr":"Sarre"}},"03":{"code":"03","name":{"en":"Bremen","fr":"Brême"}}}