{"10":{"code":"10","name":{"en":"Saint Paul","fr":"Saint Paul"}},"11":{"code":"11","name":{"en":"Saint Peter","fr":"Saint Peter"}},"09":{"code":"09","name":{"en":"Saint Patrick","fr":"Saint Patrick"}},"08":{"code":"08","name":{"en":"Saint Mark","fr":"Saint Mark"}},"07":{"code":"07","name":{"en":"Saint Luke","fr":"Saint Luke"}},"06":{"code":"06","name":{"en":"Saint Joseph","fr":"Saint Joseph"}},"05":{"code":"05","name":{"en":"Saint John","fr":"Saint John"}},"04":{"code":"04","name":{"en":"Saint George","fr":"Saint George"}},"03":{"code":"03","name":{"en":"Saint David","fr":"Saint David"}},"02":{"code":"02","name":{"en":"Saint Andrew","fr":"Saint Andrew"}}}