{"10":{"code":"10","name":{"en":"Provincia de La Altagracia","fr":"Provincia de La Altagracia"}},"11":{"code":"11","name":{"en":"Provincia de Elías Piña","fr":"Provincia de Elías Piña"}},"12":{"code":"12","name":{"en":"Provincia de La Romana","fr":"Provincia de La Romana"}},"14":{"code":"14","name":{"en":"Provincia María Trinidad Sánchez","fr":"Provincia María Trinidad Sánchez"}},"15":{"code":"15","name":{"en":"Provincia de Monte Cristi","fr":"Provincia de Monte Cristi"}},"16":{"code":"16","name":{"en":"Provincia de Pedernales","fr":"Provincia de Pedernales"}},"18":{"code":"18","name":{"en":"Puerto Plata","fr":"Provincia de Puerto Plata"}},"19":{"code":"19","name":{"en":"Provincia de Hermanas Mirabal","fr":"Provincia de Hermanas Mirabal"}},"20":{"code":"20","name":{"en":"Samaná","fr":"Samaná Province"}},"21":{"code":"21","name":{"en":"Provincia Sánchez Ramírez","fr":"Provincia Sánchez Ramírez"}},"23":{"code":"23","name":{"en":"Provincia de San Juan","fr":"Provincia de San Juan"}},"24":{"code":"24","name":{"en":"Provincia de San Pedro de Macorís","fr":"Provincia de San Pedro de Macorís"}},"25":{"code":"25","name":{"en":"Provincia de Santiago","fr":"Provincia de Santiago"}},"26":{"code":"26","name":{"en":"Provincia de Santiago Rodríguez","fr":"Provincia de Santiago Rodríguez"}},"27":{"code":"27","name":{"en":"Provincia de Valverde","fr":"Provincia de Valverde"}},"28":{"code":"28","name":{"en":"Provincia de El Seibo","fr":"Provincia de El Seibo"}},"29":{"code":"29","name":{"en":"Provincia de Hato Mayor","fr":"Provincia de Hato Mayor"}},"30":{"code":"30","name":{"en":"Provincia de La Vega","fr":"Provincia de La Vega"}},"31":{"code":"31","name":{"en":"Provincia de Monseñor Nouel","fr":"Provincia de Monseñor Nouel"}},"32":{"code":"32","name":{"en":"Provincia de Monte Plata","fr":"Provincia de Monte Plata"}},"33":{"code":"33","name":{"en":"Provincia de San Cristóbal","fr":"Provincia de San Cristóbal"}},"34":{"code":"34","name":{"en":"Nacional","fr":"Distrito Nacional"}},"35":{"code":"35","name":{"en":"Provincia de Peravia","fr":"Provincia de Peravia"}},"36":{"code":"36","name":{"en":"Provincia de San José de Ocoa","fr":"Provincia de San José de Ocoa"}},"37":{"code":"37","name":{"en":"Provincia de Santo Domingo","fr":"Provincia de Santo Domingo"}},"09":{"code":"09","name":{"en":"Provincia de Independencia","fr":"Provincia de Independencia"}},"08":{"code":"08","name":{"en":"Provincia Espaillat","fr":"Provincia Espaillat"}},"04":{"code":"04","name":{"en":"Provincia de Dajabón","fr":"Provincia de Dajabón"}},"02":{"code":"02","name":{"en":"Provincia de Baoruco","fr":"Provincia de Baoruco"}},"01":{"code":"01","name":{"en":"Provincia de Azua","fr":"Provincia de Azua"}},"06":{"code":"06","name":{"en":"Provincia Duarte","fr":"Provincia Duarte"}},"03":{"code":"03","name":{"en":"Provincia de Barahona","fr":"Provincia de Barahona"}}}