{"10":{"code":"10","name":{"en":"Saida","fr":"Wilaya de Saïda"}},"12":{"code":"12","name":{"en":"Sétif","fr":"Wilaya de Sétif"}},"13":{"code":"13","name":{"en":"Tiaret","fr":"Wilaya de Tiaret"}},"14":{"code":"14","name":{"en":"Tizi Ouzou","fr":"Wilaya de Tizi Ouzou"}},"15":{"code":"15","name":{"en":"Tlemcen","fr":"Wilaya de Tlemcen"}},"18":{"code":"18","name":{"en":"Béjaïa","fr":"Wilaya de Bejaïa"}},"19":{"code":"19","name":{"en":"Biskra","fr":"Wilaya de Biskra"}},"20":{"code":"20","name":{"en":"Blida","fr":"Wilaya de Blida"}},"21":{"code":"21","name":{"en":"Bouira","fr":"Wilaya de Bouira"}},"22":{"code":"22","name":{"en":"Djelfa","fr":"Wilaya de Djelfa"}},"23":{"code":"23","name":{"en":"Guelma","fr":"Wilaya de Guelma"}},"24":{"code":"24","name":{"en":"Jijel","fr":"Wilaya de Jijel"}},"25":{"code":"25","name":{"en":"Laghouat","fr":"Wilaya de Laghouat"}},"26":{"code":"26","name":{"en":"Mascara","fr":"Wilaya de Mascara"}},"27":{"code":"27","name":{"en":"M'Sila","fr":"Wilaya de M’Sila"}},"29":{"code":"29","name":{"en":"Oum el Bouaghi","fr":"Oum el Bouaghi"}},"30":{"code":"30","name":{"en":"Sidi Bel Abbès","fr":"Wilaya de Sidi Bel Abbès"}},"31":{"code":"31","name":{"en":"Skikda","fr":"Wilaya de Skikda"}},"33":{"code":"33","name":{"en":"Tébessa","fr":"Wilaya de Tébessa"}},"34":{"code":"34","name":{"en":"Adrar","fr":"Adrar"}},"35":{"code":"35","name":{"en":"Aïn Defla","fr":"Wilaya de Aïn Defla"}},"36":{"code":"36","name":{"en":"Aïn Témouchent","fr":"Wilaya de Aïn Temouchent"}},"37":{"code":"37","name":{"en":"Annaba","fr":"Annaba"}},"38":{"code":"38","name":{"en":"Béchar","fr":"Wilaya de Béchar"}},"39":{"code":"39","name":{"en":"Bordj Bou Arréridj","fr":"Wilaya de Bordj Bou Arréridj"}},"40":{"code":"40","name":{"en":"Boumerdes","fr":"Wilaya de Boumerdes"}},"41":{"code":"41","name":{"en":"Chlef","fr":"Wilaya de Chlef"}},"42":{"code":"42","name":{"en":"El Bayadh","fr":"El Bayadh"}},"43":{"code":"43","name":{"en":"El Oued","fr":"El Oued"}},"44":{"code":"44","name":{"en":"El Tarf","fr":"El Tarf"}},"45":{"code":"45","name":{"en":"Ghardaia","fr":"Wilaya de Ghardaïa"}},"46":{"code":"46","name":{"en":"Illizi","fr":"Illizi"}},"47":{"code":"47","name":{"en":"Khenchela","fr":"Wilaya de Khenchela"}},"48":{"code":"48","name":{"en":"Mila","fr":"Wilaya de Mila"}},"49":{"code":"49","name":{"en":"Naama","fr":"Wilaya de Naama"}},"50":{"code":"50","name":{"en":"Ouargla","fr":"Wilaya de Ouargla"}},"51":{"code":"51","name":{"en":"Relizane","fr":"Wilaya de Relizane"}},"52":{"code":"52","name":{"en":"Souk Ahras","fr":"Wilaya de Souk Ahras"}},"53":{"code":"53","name":{"en":"Tamanrasset","fr":"Wilaya de Tamanrasset"}},"54":{"code":"54","name":{"en":"Tindouf","fr":"Wilaya de Tindouf"}},"55":{"code":"55","name":{"en":"Tipaza","fr":"Wilaya de Tipaza"}},"56":{"code":"56","name":{"en":"Tissemsilt","fr":"Wilaya de Tissemsilt"}},"06":{"code":"06","name":{"en":"Medea","fr":"Wilaya de Médéa"}},"03":{"code":"03","name":{"en":"Batna","fr":"Wilaya de Batna"}},"09":{"code":"09","name":{"en":"Oran","fr":"Oran"}},"01":{"code":"01","name":{"en":"Algiers","fr":"Alger"}},"07":{"code":"07","name":{"en":"Mostaganem","fr":"Wilaya de Mostaganem"}},"04":{"code":"04","name":{"en":"Constantine","fr":"Wilaya de Constantine"}}}