{"10":{"code":"10","name":{"en":"Provincia del Guayas","fr":"Provincia del Guayas"}},"11":{"code":"11","name":{"en":"Provincia de Imbabura","fr":"Provincia de Imbabura"}},"12":{"code":"12","name":{"en":"Provincia de Loja","fr":"Provincia de Loja"}},"13":{"code":"13","name":{"en":"Provincia de Los Ríos","fr":"Provincia de Los Ríos"}},"14":{"code":"14","name":{"en":"Provincia de Manabí","fr":"Provincia de Manabí"}},"15":{"code":"15","name":{"en":"Provincia de Morona-Santiago","fr":"Provincia de Morona-Santiago"}},"17":{"code":"17","name":{"en":"Provincia del Pastaza","fr":"Provincia del Pastaza"}},"18":{"code":"18","name":{"en":"Provincia de Pichincha","fr":"Provincia de Pichincha"}},"19":{"code":"19","name":{"en":"Provincia del Tungurahua","fr":"Provincia del Tungurahua"}},"20":{"code":"20","name":{"en":"Provincia de Zamora-Chinchipe","fr":"Provincia de Zamora-Chinchipe"}},"22":{"code":"22","name":{"en":"Provincia de Sucumbíos","fr":"Provincia de Sucumbíos"}},"23":{"code":"23","name":{"en":"Provincia de Napo","fr":"Provincia de Napo"}},"24":{"code":"24","name":{"en":"Provincia de Francisco de Orellana","fr":"Provincia de Francisco de Orellana"}},"25":{"code":"25","name":{"en":"Provincia de Santa Elena","fr":"Provincia de Santa Elena"}},"26":{"code":"26","name":{"en":"Provincia de Santo Domingo de los Tsáchilas","fr":"Provincia de Santo Domingo de los Tsáchilas"}},"01":{"code":"01","name":{"en":"Provincia de Galápagos","fr":"Provincia de Galápagos"}},"09":{"code":"09","name":{"en":"Provincia de Esmeraldas","fr":"Provincia de Esmeraldas"}},"08":{"code":"08","name":{"en":"Provincia de El Oro","fr":"Provincia de El Oro"}},"07":{"code":"07","name":{"en":"Provincia de Cotopaxi","fr":"Provincia de Cotopaxi"}},"05":{"code":"05","name":{"en":"Provincia del Carchi","fr":"Provincia del Carchi"}},"02":{"code":"02","name":{"en":"Provincia del Azuay","fr":"Provincia del Azuay"}},"06":{"code":"06","name":{"en":"Provincia del Chimborazo","fr":"Provincia del Chimborazo"}},"04":{"code":"04","name":{"en":"Provincia del Cañar","fr":"Provincia del Cañar"}},"03":{"code":"03","name":{"en":"Provincia de Bolívar","fr":"Provincia de Bolívar"}}}