{"11":{"code":"11","name":{"en":"Pärnumaa","fr":"Comté de Pärnu"}},"12":{"code":"12","name":{"en":"Põlvamaa","fr":"Comté de Põlva"}},"13":{"code":"13","name":{"en":"Raplamaa","fr":"Comté de Rapla"}},"14":{"code":"14","name":{"en":"Saare","fr":"Comté de Saare"}},"18":{"code":"18","name":{"en":"Tartu","fr":"Comté de Tartu"}},"19":{"code":"19","name":{"en":"Valgamaa","fr":"Comté de Valga"}},"20":{"code":"20","name":{"en":"Viljandimaa","fr":"Comté de Viljandi"}},"21":{"code":"21","name":{"en":"Võrumaa","fr":"Comté de Võru"}},"08":{"code":"08","name":{"en":"Lääne-Virumaa","fr":"Comté de Viru-Ouest"}},"07":{"code":"07","name":{"en":"Lääne","fr":"Comté de Lääne"}},"05":{"code":"05","name":{"en":"Jõgevamaa","fr":"Comté de Jõgeva"}},"04":{"code":"04","name":{"en":"Järvamaa","fr":"Comté de Järva"}},"03":{"code":"03","name":{"en":"Ida-Virumaa","fr":"Comté de Viru-Est"}},"02":{"code":"02","name":{"en":"Hiiumaa","fr":"Comté de Hiiu"}},"01":{"code":"01","name":{"en":"Harjumaa","fr":"Comté de Harju"}}}