{"10":{"code":"10","name":{"en":"Minya","fr":"Muḩāfaz̧at al Minyā"}},"11":{"code":"11","name":{"en":"Cairo","fr":"Le Caire"}},"12":{"code":"12","name":{"en":"Qalyubia","fr":"Muḩāfaz̧at al Qalyūbīyah"}},"13":{"code":"13","name":{"en":"New Valley","fr":"Muḩāfaz̧at al Wādī al Jadīd"}},"14":{"code":"14","name":{"en":"Sharqia","fr":"Muḩāfaz̧at ash Sharqīyah"}},"15":{"code":"15","name":{"en":"Suez","fr":"As Suways"}},"16":{"code":"16","name":{"en":"Aswan","fr":"Muḩāfaz̧at Aswān"}},"17":{"code":"17","name":{"en":"Asyut","fr":"Muḩāfaz̧at Asyūţ"}},"18":{"code":"18","name":{"en":"Beni Suweif","fr":"Muḩāfaz̧at Banī Suwayf"}},"19":{"code":"19","name":{"en":"Port Said","fr":"Muḩāfaz̧at Būr Sa‘īd"}},"20":{"code":"20","name":{"en":"Damietta","fr":"Damietta Governorate"}},"21":{"code":"21","name":{"en":"Kafr el-Sheikh","fr":"Kafr ash Shaykh"}},"22":{"code":"22","name":{"en":"Matruh","fr":"Muḩāfaz̧at Maţrūḩ"}},"23":{"code":"23","name":{"en":"Qena","fr":"Muḩāfaz̧at Qinā"}},"24":{"code":"24","name":{"en":"Sohag","fr":"Muḩāfaz̧at Sūhāj"}},"26":{"code":"26","name":{"en":"South Sinai","fr":"South Sinai Governorate"}},"27":{"code":"27","name":{"en":"North Sinai","fr":"Muḩāfaz̧at Shamāl Sīnā’"}},"28":{"code":"28","name":{"en":"Luxor","fr":"Muḩāfaz̧at al Uqşur"}},"02":{"code":"02","name":{"en":"Red Sea","fr":"Mer Rouge"}},"08":{"code":"08","name":{"en":"Giza","fr":"Muḩāfaz̧at al Jīzah"}},"07":{"code":"07","name":{"en":"Ismailia","fr":"Ismailia Governorate"}},"04":{"code":"04","name":{"en":"Faiyum","fr":"Muḩāfaz̧at al Fayyūm"}},"03":{"code":"03","name":{"en":"Beheira","fr":"Beheira Governorate"}},"01":{"code":"01","name":{"en":"Dakahlia","fr":"Muḩāfaz̧at ad Daqahlīyah"}},"09":{"code":"09","name":{"en":"Monufia","fr":"Muḩāfaz̧at al Minūfīyah"}},"06":{"code":"06","name":{"en":"Alexandria","fr":"Muḩāfaz̧at al Iskandarīyah"}},"05":{"code":"05","name":{"en":"Gharbia","fr":"Gharbeya"}}}