{"27":{"code":"27","name":{"en":"La Rioja","fr":"La Rioja"}},"29":{"code":"29","name":{"en":"Madrid","fr":"Communauté de Madrid"}},"31":{"code":"31","name":{"en":"Murcia","fr":"Murcie"}},"32":{"code":"32","name":{"en":"Navarre","fr":"Navarre"}},"34":{"code":"34","name":{"en":"Asturias","fr":"Asturies"}},"39":{"code":"39","name":{"en":"Cantabria","fr":"Cantabrie"}},"51":{"code":"51","name":{"en":"Andalusia","fr":"Andalousie"}},"52":{"code":"52","name":{"en":"Aragon","fr":"Aragon"}},"53":{"code":"53","name":{"en":"Canary Islands","fr":"Canaries"}},"54":{"code":"54","name":{"en":"Castille-La Mancha","fr":"Castille-La Manche"}},"55":{"code":"55","name":{"en":"Castille and León","fr":"Castille-et-León"}},"56":{"code":"56","name":{"en":"Catalonia","fr":"Catalogne"}},"57":{"code":"57","name":{"en":"Extremadura","fr":"Estrémadure"}},"58":{"code":"58","name":{"en":"Galicia","fr":"Galice"}},"59":{"code":"59","name":{"en":"Basque Country","fr":"Pays Basque"}},"60":{"code":"60","name":{"en":"Valencia","fr":"Communauté Valencienne"}},"07":{"code":"07","name":{"en":"Balearic Islands","fr":"Baléares"}},"CE":{"code":"CE","name":{"en":"Ceuta","fr":"Ceuta"}},"ML":{"code":"ML","name":{"en":"Melilla","fr":"Melilla"}}}