{"44":{"code":"44","name":{"en":"Addis Ababa","fr":"Ādīs Ābeba Āstedader"}},"45":{"code":"45","name":{"en":"Āfar","fr":"Afar Region"}},"46":{"code":"46","name":{"en":"Amhara","fr":"Amhara Region"}},"47":{"code":"47","name":{"en":"Bīnshangul Gumuz","fr":"Benishangul-Gumuz Region"}},"48":{"code":"48","name":{"en":"Dire Dawa","fr":"Dire Dawa Region"}},"49":{"code":"49","name":{"en":"Gambela","fr":"Gambela Region"}},"50":{"code":"50","name":{"en":"Harari","fr":"Harari Region"}},"51":{"code":"51","name":{"en":"Oromiya","fr":"Oromiya Region"}},"52":{"code":"52","name":{"en":"Somali","fr":"Somali Region"}},"53":{"code":"53","name":{"en":"Tigray","fr":"Tigray Region"}},"54":{"code":"54","name":{"en":"Southern Nations, Nationalities, and People's Region","fr":"Southern Nations, Nationalities, and People's Region"}}}