{"10":{"code":"10","name":{"en":"Southern Savonia","fr":"Savonie du Sud"}},"11":{"code":"11","name":{"en":"North Savo Region","fr":"Savonie du Nord"}},"12":{"code":"12","name":{"en":"North Karelia","fr":"Carélie du Nord"}},"13":{"code":"13","name":{"en":"Central Finland","fr":"Finlande-Centrale"}},"14":{"code":"14","name":{"en":"South Ostrobothnia","fr":"Ostrobotnie du Sud"}},"15":{"code":"15","name":{"en":"Ostrobothnia","fr":"Ostrobotnie"}},"16":{"code":"16","name":{"en":"Central Ostrobothnia Region","fr":"Ostrobotnie-Centrale"}},"17":{"code":"17","name":{"en":"North Ostrobothnia Region","fr":"Ostrobotnie du Nord"}},"18":{"code":"18","name":{"en":"Kainuu","fr":"Kainuu"}},"19":{"code":"19","name":{"en":"Lapland","fr":"Lappi"}},"211":{"code":"211","name":{"en":"Mariehamns stad","fr":"Mariehamn"}},"212":{"code":"212","name":{"en":"Ålands landsbygd","fr":"Ålands landsbygd"}},"213":{"code":"213","name":{"en":"Ålands skärgård","fr":"Ålands skärgård"}},"09":{"code":"09","name":{"en":"South Karelia Region","fr":"Carélie du Sud"}},"08":{"code":"08","name":{"en":"Kymenlaakso Region","fr":"Vallée de la Kymi"}},"06":{"code":"06","name":{"en":"Tampere","fr":"Pirkanmaa"}},"02":{"code":"02","name":{"en":"Southwest Finland","fr":"Finlande propre"}},"01":{"code":"01","name":{"en":"Newland Region","fr":"Uusimaa"}},"07":{"code":"07","name":{"en":"Päijänne Tavastia","fr":"Päijänne-Tavastland"}},"04":{"code":"04","name":{"en":"Satakunta","fr":"Satakunta"}},"05":{"code":"05","name":{"en":"Häme","fr":"Häme"}}}