{"11":{"code":"11","name":{"en":"Île-de-France","fr":"Île-de-France"}},"24":{"code":"24","name":{"en":"Centre","fr":"Centre"}},"27":{"code":"27","name":{"en":"Bourgogne-Franche-Comté","fr":"Bourgogne-Franche-Comté"}},"28":{"code":"28","name":{"en":"Normandy","fr":"Normandie"}},"32":{"code":"32","name":{"en":"Hauts-de-France","fr":"Hauts-de-France"}},"44":{"code":"44","name":{"en":"Alsace-Champagne-Ardenne-Lorraine","fr":"Alsace-Champagne-Ardenne-Lorraine"}},"52":{"code":"52","name":{"en":"Pays de la Loire","fr":"Pays de la Loire"}},"53":{"code":"53","name":{"en":"Brittany","fr":"Bretagne"}},"75":{"code":"75","name":{"en":"Aquitaine-Limousin-Poitou-Charentes","fr":"Aquitaine-Limousin-Poitou-Charentes"}},"76":{"code":"76","name":{"en":"Languedoc-Roussillon-Midi-Pyrénées","fr":"Languedoc-Roussillon-Midi-Pyrénées"}},"84":{"code":"84","name":{"en":"Auvergne-Rhône-Alpes","fr":"Auvergne-Rhône-Alpes"}},"93":{"code":"93","name":{"en":"Provence-Alpes-Côte d'Azur","fr":"Provence-Alpes-Côte d'Azur"}},"94":{"code":"94","name":{"en":"Corsica","fr":"Corse"}},"RE":{"code":"RE","name":{"en":"Réunion","fr":"Réunion"}},"GP":{"code":"GP","name":{"en":"Guadeloupe","fr":"Guadeloupe"}},"MQ":{"code":"MQ","name":{"en":"Martinique","fr":"Martinique"}},"GF":{"code":"GF","name":{"en":"Guyane","fr":"Guyane"}}}