{"09":{"code":"09","name":{"en":"Woleu-Ntem","fr":"Province du Woleu-Ntem"}},"08":{"code":"08","name":{"en":"Ogooué-Maritime","fr":"Province de l’Ogooué-Maritime"}},"07":{"code":"07","name":{"en":"Ogooué-Lolo","fr":"Province de l’Ogooué-Lolo"}},"06":{"code":"06","name":{"en":"Ogooué-Ivindo","fr":"Province de l’Ogooué-Ivindo"}},"05":{"code":"05","name":{"en":"Nyanga","fr":"Province de la Nyanga"}},"04":{"code":"04","name":{"en":"Ngouni","fr":"Province de la Ngounié"}},"03":{"code":"03","name":{"en":"Moyen-Ogooué","fr":"Province du Moyen-Ogooué"}},"02":{"code":"02","name":{"en":"Haut-Ogooué","fr":"Province du Haut-Ogooué"}},"01":{"code":"01","name":{"en":"Estuaire","fr":"Estuaire"}}}