{"3237072":{"code":"3237072","name":{"en":"St Clement","fr":"Saint-Clément"}},"3237073":{"code":"3237073","name":{"en":"St Saviour","fr":"Saint-Sauveur"}},"3237200":{"code":"3237200","name":{"en":"St. Brelade","fr":"Saint Brelade"}},"3237203":{"code":"3237203","name":{"en":"Grouville","fr":"Grouville"}},"3237212":{"code":"3237212","name":{"en":"St Mary","fr":"Sainte-Marie"}},"3237214":{"code":"3237214","name":{"en":"St Lawrence","fr":"Saint-Laurent"}},"3237221":{"code":"3237221","name":{"en":"St Peter","fr":"Saint-Pierre"}},"3237229":{"code":"3237229","name":{"en":"St Ouen","fr":"Saint-Ouen"}},"3237497":{"code":"3237497","name":{"en":"St John","fr":"Saint John"}},"3237530":{"code":"3237530","name":{"en":"Trinity","fr":"La Trinité"}},"3237716":{"code":"3237716","name":{"en":"St Martîn","fr":"Saint-Martin"}},"3237864":{"code":"3237864","name":{"en":"St Helier","fr":"Saint-Hélier"}},"6417213":{"code":"6417213","name":{"en":"St Pierre du Bois","fr":"Saint Pierre du Bois"}},"6417214":{"code":"6417214","name":{"en":"Torteval","fr":"Torteval"}},"6417215":{"code":"6417215","name":{"en":"Saint Saviour","fr":"Saint-Sauveur"}},"6417223":{"code":"6417223","name":{"en":"Forest","fr":"La Forêt"}},"6417224":{"code":"6417224","name":{"en":"St Martin","fr":"Saint-Martin"}},"6417226":{"code":"6417226","name":{"en":"St Andrew","fr":"Saint-André-de-la-Pommeraye"}},"6417228":{"code":"6417228","name":{"en":"St Peter Port","fr":"Saint Peter Port"}},"6417229":{"code":"6417229","name":{"en":"Castel","fr":"Sainte-Marie-du-Câtel"}},"6417230":{"code":"6417230","name":{"en":"Vale","fr":"Le Valle"}},"6417233":{"code":"6417233","name":{"en":"St Sampson","fr":"Saint Sampson"}},"8989934":{"code":"8989934","name":{"en":"Alderney","fr":"Alderney"}},"9782164":{"code":"9782164","name":{"en":"Andreas","fr":"Andreas"}},"9782165":{"code":"9782165","name":{"en":"Arbory","fr":"Arbory"}},"9782166":{"code":"9782166","name":{"en":"Ballaugh","fr":"Ballaugh"}},"9782167":{"code":"9782167","name":{"en":"Braddan","fr":"Braddan"}},"9782168":{"code":"9782168","name":{"en":"Bride","fr":"Bride"}},"9782169":{"code":"9782169","name":{"en":"Castletown","fr":"Castletown"}},"9782170":{"code":"9782170","name":{"en":"Douglas","fr":"Douglas"}},"9782171":{"code":"9782171","name":{"en":"German","fr":"German"}},"9782172":{"code":"9782172","name":{"en":"Jurby","fr":"Jurby"}},"9782173":{"code":"9782173","name":{"en":"Laxey","fr":"Laxey"}},"9782176":{"code":"9782176","name":{"en":"Lezayre","fr":"Lezayre"}},"9782180":{"code":"9782180","name":{"en":"Lonan","fr":"Lonan"}},"9782182":{"code":"9782182","name":{"en":"Malew","fr":"Malew"}},"9782183":{"code":"9782183","name":{"en":"Marown","fr":"Marown"}},"9782184":{"code":"9782184","name":{"en":"Maughold","fr":"Maughold"}},"9782185":{"code":"9782185","name":{"en":"Michael","fr":"Michael"}},"9782186":{"code":"9782186","name":{"en":"Onchan","fr":"Onchan"}},"9782187":{"code":"9782187","name":{"en":"Patrick","fr":"Patrick"}},"9782188":{"code":"9782188","name":{"en":"Peel","fr":"Peel"}},"9782189":{"code":"9782189","name":{"en":"Port Erin","fr":"Port Erin"}},"9782190":{"code":"9782190","name":{"en":"Port St Mary","fr":"Port St Mary"}},"9782191":{"code":"9782191","name":{"en":"Ramsey","fr":"Ramsey"}},"9782192":{"code":"9782192","name":{"en":"Rushen","fr":"Rushen"}},"9782193":{"code":"9782193","name":{"en":"Santon","fr":"Santon"}},"SCT":{"code":"SCT","name":{"en":"Scotland","fr":"Ecosse"}},"ENG":{"code":"ENG","name":{"en":"England","fr":"Angleterre"}},"NIR":{"code":"NIR","name":{"en":"Northern Ireland","fr":"Irlande du Nord"}},"WLS":{"code":"WLS","name":{"en":"Wales","fr":"Pays de Galles"}}}