{"10":{"code":"10","name":{"en":"Carriacou and Petite Martinique","fr":"Carriacou and Petite Martinique"}},"06":{"code":"06","name":{"en":"Saint Patrick","fr":"Saint Patrick"}},"05":{"code":"05","name":{"en":"Saint Mark","fr":"Saint Mark"}},"04":{"code":"04","name":{"en":"Saint John","fr":"Saint John"}},"03":{"code":"03","name":{"en":"Saint George","fr":"Saint George"}},"02":{"code":"02","name":{"en":"Saint David","fr":"Saint David"}},"01":{"code":"01","name":{"en":"Saint Andrew","fr":"Saint Andrew"}}}