{"51":{"code":"51","name":{"en":"K'alak'i T'bilisi","fr":"K'alak'i T'bilisi"}},"65":{"code":"65","name":{"en":"Guria","fr":"Gourie"}},"66":{"code":"66","name":{"en":"Imereti","fr":"Iméréthie"}},"67":{"code":"67","name":{"en":"Kakheti","fr":"Kakhétie"}},"68":{"code":"68","name":{"en":"Kvemo Kartli","fr":"Kvemo Kartli"}},"69":{"code":"69","name":{"en":"Mtskheta-Mtianeti","fr":"Mtskheta-Mtianeti"}},"70":{"code":"70","name":{"en":"Racha-Lechkhumi and Kvemo Svaneti","fr":"Racha-Lechkhumi and Kvemo Svaneti"}},"71":{"code":"71","name":{"en":"Samegrelo and Zemo Svaneti","fr":"Samegrelo-Zemo Svanetis Mkhare"}},"72":{"code":"72","name":{"en":"Samtskhe-Javakheti","fr":"Samtskhé-Djavakhétie"}},"73":{"code":"73","name":{"en":"Shida Kartli","fr":"Shida Kartli"}},"04":{"code":"04","name":{"en":"Ajaria","fr":"Ajaria"}},"02":{"code":"02","name":{"en":"Abkhazia","fr":"Abkhazie"}}}