{"6417213":{"code":"6417213","name":{"en":"St Pierre du Bois","fr":"Saint Pierre du Bois"}},"6417214":{"code":"6417214","name":{"en":"Torteval","fr":"Torteval"}},"6417215":{"code":"6417215","name":{"en":"Saint Saviour","fr":"Saint-Sauveur"}},"6417223":{"code":"6417223","name":{"en":"Forest","fr":"La Forêt"}},"6417224":{"code":"6417224","name":{"en":"St Martin","fr":"Saint-Martin"}},"6417226":{"code":"6417226","name":{"en":"St Andrew","fr":"Saint-André-de-la-Pommeraye"}},"6417228":{"code":"6417228","name":{"en":"St Peter Port","fr":"Saint Peter Port"}},"6417229":{"code":"6417229","name":{"en":"Castel","fr":"Sainte-Marie-du-Câtel"}},"6417230":{"code":"6417230","name":{"en":"Vale","fr":"Le Valle"}},"6417233":{"code":"6417233","name":{"en":"St Sampson","fr":"Saint Sampson"}},"8989934":{"code":"8989934","name":{"en":"Alderney","fr":"Alderney"}}}