{"10":{"code":"10","name":{"en":"Upper East Region","fr":"Upper East Region"}},"11":{"code":"11","name":{"en":"Upper West Region","fr":"Upper West Region"}},"03":{"code":"03","name":{"en":"Brong-Ahafo","fr":"Brong-Ahafo Region"}},"06":{"code":"06","name":{"en":"Northern Region","fr":"Northern Region"}},"04":{"code":"04","name":{"en":"Central Region","fr":"Central Region"}},"02":{"code":"02","name":{"en":"Ashanti Region","fr":"Ashanti Region"}},"05":{"code":"05","name":{"en":"Eastern Region","fr":"Eastern Region"}},"09":{"code":"09","name":{"en":"Western Region","fr":"Western Region"}},"08":{"code":"08","name":{"en":"Volta Region","fr":"Volta Region"}},"01":{"code":"01","name":{"en":"Greater Accra Region","fr":"Greater Accra Region"}}}