{"F":{"code":"F","name":{"en":"Faranah","fr":"Faranah Region"}},"K":{"code":"K","name":{"en":"Kankan Region","fr":"Kankan Region"}},"B":{"code":"B","name":{"en":"Boke Region","fr":"Boké"}},"D":{"code":"D","name":{"en":"Kindia","fr":"Kindia Region"}},"L":{"code":"L","name":{"en":"Labé Region","fr":"Labé Region"}},"M":{"code":"M","name":{"en":"Mamou Region","fr":"Mamou Region"}},"N":{"code":"N","name":{"en":"Nzerekore Region","fr":"Nzérékoré"}},"04":{"code":"04","name":{"en":"Conakry Region","fr":"Conakry Region"}}}