{"08":{"code":"08","name":{"en":"Litoral","fr":"Provincia de Litoral"}},"06":{"code":"06","name":{"en":"Centro Sur","fr":"Provincia de Centro Sur"}},"09":{"code":"09","name":{"en":"Wele-Nzas","fr":"Provincia de Wele-Nzas"}},"04":{"code":"04","name":{"en":"Bioko Norte","fr":"Provincia de Bioko Norte"}},"05":{"code":"05","name":{"en":"Bioko Sur","fr":"Provincia de Bioko Sur"}},"07":{"code":"07","name":{"en":"Kié-Ntem","fr":"Provincia de Kié-Ntem"}},"03":{"code":"03","name":{"en":"Annobón Province","fr":"Provincia de Annobón"}}}