{"736572":{"code":"736572","name":{"en":"Mount Athos","fr":"Mont Athos"}},"ESYE42":{"code":"ESYE42","name":{"en":"South Aegean","fr":"Égée-Méridionale"}},"ESYE24":{"code":"ESYE24","name":{"en":"Central Greece","fr":"Grèce-Centrale"}},"ESYE12":{"code":"ESYE12","name":{"en":"Central Macedonia","fr":"Macédoine-Centrale"}},"ESYE43":{"code":"ESYE43","name":{"en":"Crete","fr":"Crète"}},"ESYE11":{"code":"ESYE11","name":{"en":"East Macedonia and Thrace","fr":"Macédoine-Orientale-et-Thrace"}},"ESYE21":{"code":"ESYE21","name":{"en":"Epirus","fr":"Épire"}},"ESYE22":{"code":"ESYE22","name":{"en":"Ionian Islands","fr":"Îles Ioniennes"}},"ESYE41":{"code":"ESYE41","name":{"en":"North Aegean","fr":"Égée-Septentrionale"}},"ESYE25":{"code":"ESYE25","name":{"en":"Peloponnese","fr":"Péloponnèse"}},"ESYE14":{"code":"ESYE14","name":{"en":"Thessaly","fr":"Thessalie"}},"ESYE23":{"code":"ESYE23","name":{"en":"West Greece","fr":"Grèce-Occidentale"}},"ESYE13":{"code":"ESYE13","name":{"en":"West Macedonia","fr":"Macédoine-Occidentale"}},"ESYE31":{"code":"ESYE31","name":{"en":"Attica","fr":"Attique"}}}