{"10":{"code":"10","name":{"en":"Departamento de Jalapa","fr":"Departamento de Jalapa"}},"11":{"code":"11","name":{"en":"Departamento de Jutiapa","fr":"Departamento de Jutiapa"}},"12":{"code":"12","name":{"en":"Departamento del Petén","fr":"Departamento del Petén"}},"13":{"code":"13","name":{"en":"Departamento de Quetzaltenango","fr":"Departamento de Quetzaltenango"}},"14":{"code":"14","name":{"en":"Departamento del Quiché","fr":"Departamento del Quiché"}},"15":{"code":"15","name":{"en":"Departamento de Retalhuleu","fr":"Departamento de Retalhuleu"}},"16":{"code":"16","name":{"en":"Departamento de Sacatepéquez","fr":"Departamento de Sacatepéquez"}},"17":{"code":"17","name":{"en":"Departamento de San Marcos","fr":"Departamento de San Marcos"}},"18":{"code":"18","name":{"en":"Departamento de Santa Rosa","fr":"Departamento de Santa Rosa"}},"19":{"code":"19","name":{"en":"Departamento de Sololá","fr":"Departamento de Sololá"}},"20":{"code":"20","name":{"en":"Suchitepeque","fr":"Departamento de Suchitepéquez"}},"21":{"code":"21","name":{"en":"Departamento de Totonicapán","fr":"Departamento de Totonicapán"}},"22":{"code":"22","name":{"en":"Departamento de Zacapa","fr":"Departamento de Zacapa"}},"09":{"code":"09","name":{"en":"Departamento de Izabal","fr":"Departamento de Izabal"}},"08":{"code":"08","name":{"en":"Departamento de Huehuetenango","fr":"Departamento de Huehuetenango"}},"01":{"code":"01","name":{"en":"Departamento de Alta Verapaz","fr":"Departamento de Alta Verapaz"}},"07":{"code":"07","name":{"en":"Departamento de Guatemala","fr":"Departamento de Guatemala"}},"06":{"code":"06","name":{"en":"Departamento de Escuintla","fr":"Departamento de Escuintla"}},"04":{"code":"04","name":{"en":"Departamento de Chiquimula","fr":"Departamento de Chiquimula"}},"03":{"code":"03","name":{"en":"Departamento de Chimaltenango","fr":"Departamento de Chimaltenango"}},"02":{"code":"02","name":{"en":"Departamento de Baja Verapaz","fr":"Departamento de Baja Verapaz"}},"05":{"code":"05","name":{"en":"Departamento de El Progreso","fr":"Departamento de El Progreso"}}}