{"PI":{"code":"PI","name":{"en":"Piti Municipality","fr":"Piti Municipality"}},"SR":{"code":"SR","name":{"en":"Santa Rita Municipality","fr":"Santa Rita Municipality"}},"SJ":{"code":"SJ","name":{"en":"Sinajana Municipality","fr":"Sinajana Municipality"}},"TF":{"code":"TF","name":{"en":"Talofofo Municipality","fr":"Talofofo Municipality"}},"TM":{"code":"TM","name":{"en":"Tamuning","fr":"Tamuning-Tumon-Harmon Municipality"}},"UM":{"code":"UM","name":{"en":"Umatac","fr":"Umatac Municipality"}},"YG":{"code":"YG","name":{"en":"Yigo","fr":"Yigo Municipality"}},"YN":{"code":"YN","name":{"en":"Yona","fr":"Yona Municipality"}},"ME":{"code":"ME","name":{"en":"Merizo Municipality","fr":"Merizo Municipality"}},"MA":{"code":"MA","name":{"en":"Mangilao","fr":"Mangilao Municipality"}},"AH":{"code":"AH","name":{"en":"Agana Heights","fr":"Agana Heights Municipality"}},"CP":{"code":"CP","name":{"en":"Chalan Pago-Ordot","fr":"Chalan Pago-Ordot Municipality"}},"AS":{"code":"AS","name":{"en":"Asan","fr":"Asan-Maina Municipality"}},"AT":{"code":"AT","name":{"en":"Agat","fr":"Agat Municipality"}},"DD":{"code":"DD","name":{"en":"Dededo","fr":"Dededo Municipality"}},"BA":{"code":"BA","name":{"en":"Barrigada","fr":"Barrigada Municipality"}},"AN":{"code":"AN","name":{"en":"Hagatna","fr":"Hagåtña Municipality"}},"IN":{"code":"IN","name":{"en":"Inarajan","fr":"Inarajan Municipality"}},"MT":{"code":"MT","name":{"en":"Mongmong-Toto-Maite Municipality","fr":"Mongmong-Toto-Maite Municipality"}}}