{"10":{"code":"10","name":{"en":"Gabú","fr":"Gabú"}},"11":{"code":"11","name":{"en":"Bissau","fr":"Bissau Region"}},"12":{"code":"12","name":{"en":"Biombo","fr":"Biombo"}},"06":{"code":"06","name":{"en":"Cacheu Region","fr":"Cacheu Region"}},"07":{"code":"07","name":{"en":"Tombali","fr":"Tombali"}},"02":{"code":"02","name":{"en":"Quinara","fr":"Quinara"}},"04":{"code":"04","name":{"en":"Oio Region","fr":"Oio Region"}},"05":{"code":"05","name":{"en":"Bolama and Bijagos","fr":"Bolama-Bijagos"}},"01":{"code":"01","name":{"en":"Bafatá","fr":"Bafatá"}}}