{"10":{"code":"10","name":{"en":"Barima-Waini Region","fr":"Barima-Waini Region"}},"11":{"code":"11","name":{"en":"Cuyuni-Mazaruni Region","fr":"Cuyuni-Mazaruni Region"}},"12":{"code":"12","name":{"en":"Demerara-Mahaica Region","fr":"Demerara-Mahaica Region"}},"13":{"code":"13","name":{"en":"East Berbice-Corentyne Region","fr":"East Berbice-Corentyne Region"}},"14":{"code":"14","name":{"en":"Essequibo Islands-West Demerara Region","fr":"Essequibo Islands-West Demerara Region"}},"15":{"code":"15","name":{"en":"Mahaica-Berbice Region","fr":"Mahaica-Berbice Region"}},"16":{"code":"16","name":{"en":"Pomeroon-Supenaam Region","fr":"Pomeroon-Supenaam Region"}},"17":{"code":"17","name":{"en":"Potaro-Siparuni Region","fr":"Potaro-Siparuni Region"}},"18":{"code":"18","name":{"en":"Upper Demerara-Berbice Region","fr":"Upper Demerara-Berbice Region"}},"19":{"code":"19","name":{"en":"Upper Takutu-Upper Essequibo Region","fr":"Upper Takutu-Upper Essequibo Region"}}}