{"NIS":{"code":"NIS","name":{"en":"Islands District","fr":"Islands District"}},"HCW":{"code":"HCW","name":{"en":"Central and Western District","fr":"Central and Western District"}},"HWC":{"code":"HWC","name":{"en":"Wan Chai","fr":"Wan Chai"}},"HEA":{"code":"HEA","name":{"en":"Eastern","fr":"Eastern"}},"HSO":{"code":"HSO","name":{"en":"Southern","fr":"Southern"}},"KYT":{"code":"KYT","name":{"en":"Yau Tsim Mong","fr":"Yau Tsim Mong"}},"KSS":{"code":"KSS","name":{"en":"Sham Shui Po","fr":"Sham Shui Po"}},"KKC":{"code":"KKC","name":{"en":"Kowloon City","fr":"Kowloon City"}},"KWT":{"code":"KWT","name":{"en":"Wong Tai Sin","fr":"Wong Tai Sin"}},"KKT":{"code":"KKT","name":{"en":"Kwon Tong","fr":"Kwon Tong"}},"NKT":{"code":"NKT","name":{"en":"Kwai Tsing","fr":"Kwai Tsing"}},"NTM":{"code":"NTM","name":{"en":"Tuen Mun","fr":"Tuen Mun"}},"NNO":{"code":"NNO","name":{"en":"North","fr":"North"}},"NST":{"code":"NST","name":{"en":"Sha Tin","fr":"Sha Tin"}},"NYL":{"code":"NYL","name":{"en":"Yuen Long District","fr":"Yuen Long District"}},"NTW":{"code":"NTW","name":{"en":"Tsuen Wan District","fr":"Tsuen Wan District"}},"NTP":{"code":"NTP","name":{"en":"Tai Po District","fr":"Tai Po District"}},"NSK":{"code":"NSK","name":{"en":"Sai Kung District","fr":"Sai Kung District"}}}