{"10":{"code":"10","name":{"en":"Departamento de Intibucá","fr":"Departamento de Intibucá"}},"11":{"code":"11","name":{"en":"Bay Islands","fr":"Departamento de Islas de la Bahía"}},"12":{"code":"12","name":{"en":"Departamento de La Paz","fr":"Departamento de La Paz"}},"13":{"code":"13","name":{"en":"Departamento de Lempira","fr":"Departamento de Lempira"}},"14":{"code":"14","name":{"en":"Departamento de Ocotepeque","fr":"Departamento de Ocotepeque"}},"15":{"code":"15","name":{"en":"Departamento de Olancho","fr":"Departamento de Olancho"}},"16":{"code":"16","name":{"en":"Departamento de Santa Bárbara","fr":"Departamento de Santa Bárbara"}},"17":{"code":"17","name":{"en":"Departamento de Valle","fr":"Departamento de Valle"}},"18":{"code":"18","name":{"en":"Departamento de Yoro","fr":"Departamento de Yoro"}},"09":{"code":"09","name":{"en":"Departamento de Gracias a Dios","fr":"Departamento de Gracias a Dios"}},"08":{"code":"08","name":{"en":"Departamento de Francisco Morazán","fr":"Departamento de Francisco Morazán"}},"07":{"code":"07","name":{"en":"Departamento de El Paraíso","fr":"Departamento de El Paraíso"}},"06":{"code":"06","name":{"en":"Departamento de Cortés","fr":"Departamento de Cortés"}},"03":{"code":"03","name":{"en":"Departamento de Colón","fr":"Departamento de Colón"}},"05":{"code":"05","name":{"en":"Departamento de Copán","fr":"Departamento de Copán"}},"04":{"code":"04","name":{"en":"Departamento de Comayagua","fr":"Departamento de Comayagua"}},"02":{"code":"02","name":{"en":"Departamento de Choluteca","fr":"Departamento de Choluteca"}},"01":{"code":"01","name":{"en":"Departamento de Atlántida","fr":"Departamento de Atlántida"}}}