{"10":{"code":"10","name":{"en":"Osječko-Baranjska Županija","fr":"Osječko-Baranjska Županija"}},"11":{"code":"11","name":{"en":"Požeško-Slavonska Županija","fr":"Požeško-Slavonska Županija"}},"12":{"code":"12","name":{"en":"Primorsko-Goranska Županija","fr":"Primorsko-Goranska Županija"}},"13":{"code":"13","name":{"en":"Šibensko-Kninska Županija","fr":"Šibensko-Kninska Županija"}},"14":{"code":"14","name":{"en":"Sisačko-Moslavačka Županija","fr":"Sisačko-Moslavačka Županija"}},"15":{"code":"15","name":{"en":"Splitsko-Dalmatinska Županija","fr":"Split-Dalmatie"}},"16":{"code":"16","name":{"en":"Varaždinska Županija","fr":"Varaždinska Županija"}},"17":{"code":"17","name":{"en":"Virovitičko-Podravska Županija","fr":"Virovitičko-Podravska Županija"}},"18":{"code":"18","name":{"en":"Vukovar-Sirmium","fr":"Vukovarsko-Srijemska Županija"}},"19":{"code":"19","name":{"en":"Zadarska Županija","fr":"Zadarska Županija"}},"20":{"code":"20","name":{"en":"Zagreb County","fr":"Zagreb County"}},"21":{"code":"21","name":{"en":"City of Zagreb","fr":"Zagreb"}},"01":{"code":"01","name":{"en":"Bjelovarsko-Bilogorska Županija","fr":"Bjelovarsko-Bilogorska Županija"}},"02":{"code":"02","name":{"en":"Slavonski Brod-Posavina","fr":"Brodsko-Posavska Županija"}},"03":{"code":"03","name":{"en":"Dubrovačko-Neretvanska Županija","fr":"Dubrovnik-Neretva"}},"04":{"code":"04","name":{"en":"Istarska Županija","fr":"Istarska Županija"}},"05":{"code":"05","name":{"en":"Karlovačka Županija","fr":"Karlovačka Županija"}},"06":{"code":"06","name":{"en":"Koprivničko-Križevačka Županija","fr":"Koprivničko-Križevačka Županija"}},"07":{"code":"07","name":{"en":"Krapinsko-Zagorska Županija","fr":"Krapinsko-Zagorska Županija"}},"08":{"code":"08","name":{"en":"Ličko-Senjska Županija","fr":"Ličko-Senjska Županija"}},"09":{"code":"09","name":{"en":"Međimurska Županija","fr":"Međimurska Županija"}}}