{"10":{"code":"10","name":{"en":"Département du Nord-Est","fr":"Département du Nord-Est"}},"11":{"code":"11","name":{"en":"Département de l'Ouest","fr":"Département de l'Ouest"}},"12":{"code":"12","name":{"en":"Sud","fr":"Sud"}},"13":{"code":"13","name":{"en":"Sud-Est","fr":"Sud-Est"}},"14":{"code":"14","name":{"en":"Grandans","fr":"Grand’Anse"}},"15":{"code":"15","name":{"en":"Département de Nippes","fr":"Département de Nippes"}},"06":{"code":"06","name":{"en":"Département de l'Artibonite","fr":"Département de l'Artibonite"}},"03":{"code":"03","name":{"en":"Nord-Ouest","fr":"Nord-Ouest"}},"09":{"code":"09","name":{"en":"Nord","fr":"Nord"}},"07":{"code":"07","name":{"en":"Centre","fr":"Centre"}}}