{"10":{"code":"10","name":{"en":"Hajdú-Bihar","fr":"Hajdú-Bihar"}},"11":{"code":"11","name":{"en":"Heves megye","fr":"Heves megye"}},"12":{"code":"12","name":{"en":"Komárom-Esztergom","fr":"Komárom-Esztergom"}},"14":{"code":"14","name":{"en":"Nógrád megye","fr":"Nógrád megye"}},"16":{"code":"16","name":{"en":"Pest megye","fr":"Pest megye"}},"17":{"code":"17","name":{"en":"Somogy megye","fr":"Somogy megye"}},"18":{"code":"18","name":{"en":"Szabolcs-Szatmár-Bereg","fr":"Szabolcs-Szatmár-Bereg"}},"20":{"code":"20","name":{"en":"Jász-Nagykun-Szolnok","fr":"Jász-Nagykun-Szolnok"}},"21":{"code":"21","name":{"en":"Tolna megye","fr":"Tolna megye"}},"22":{"code":"22","name":{"en":"Vas","fr":"Vas"}},"23":{"code":"23","name":{"en":"Veszprém megye","fr":"Veszprém megye"}},"24":{"code":"24","name":{"en":"Zala","fr":"Zala"}},"04":{"code":"04","name":{"en":"Borsod-Abaúj-Zemplén","fr":"Borsod-Abaúj-Zemplén"}},"03":{"code":"03","name":{"en":"Bekes","fr":"Bekes County"}},"01":{"code":"01","name":{"en":"Bács-Kiskun","fr":"Bács-Kiskun"}},"06":{"code":"06","name":{"en":"Csongrád megye","fr":"Csongrád megye"}},"09":{"code":"09","name":{"en":"Győr-Moson-Sopron","fr":"Győr-Moson-Sopron megye"}},"08":{"code":"08","name":{"en":"Fejér","fr":"Fejér"}},"05":{"code":"05","name":{"en":"Budapest","fr":"Budapest"}},"02":{"code":"02","name":{"en":"Baranya","fr":"Baranya county"}}}