{"10":{"code":"10","name":{"en":"Yogyakarta","fr":"Daerah Istimewa Yogyakarta"}},"11":{"code":"11","name":{"en":"West Kalimantan","fr":"Kalimantan occidental"}},"12":{"code":"12","name":{"en":"South Kalimantan","fr":"Kalimantan du Sud"}},"13":{"code":"13","name":{"en":"Central Kalimantan","fr":"Provinsi Kalimantan Tengah"}},"14":{"code":"14","name":{"en":"East Kalimantan","fr":"Kalimantan oriental"}},"15":{"code":"15","name":{"en":"Lampung","fr":"Provinsi Lampung"}},"17":{"code":"17","name":{"en":"West Nusa Tenggara","fr":"West Nusa Tenggara"}},"18":{"code":"18","name":{"en":"East Nusa Tenggara","fr":"Provinsi Nusa Tenggara Timur"}},"21":{"code":"21","name":{"en":"Central Sulawesi","fr":"Sulawesi central"}},"22":{"code":"22","name":{"en":"Southeast Sulawesi","fr":"Sulawesi Tenggara"}},"24":{"code":"24","name":{"en":"West Sumatra","fr":"Sumatra occidental"}},"26":{"code":"26","name":{"en":"North Sumatra","fr":"Sumatra du Nord"}},"28":{"code":"28","name":{"en":"Maluku","fr":"Provinsi Maluku"}},"29":{"code":"29","name":{"en":"North Maluku","fr":"Provinsi Maluku Utara"}},"30":{"code":"30","name":{"en":"West Java","fr":"Java occidental"}},"31":{"code":"31","name":{"en":"North Sulawesi","fr":"Sulawesi du Nord"}},"32":{"code":"32","name":{"en":"South Sumatra","fr":"Sumatra du Sud"}},"33":{"code":"33","name":{"en":"Banten","fr":"Banten"}},"34":{"code":"34","name":{"en":"Gorontalo","fr":"Provinsi Gorontalo"}},"35":{"code":"35","name":{"en":"Bangka–Belitung Islands","fr":"Îles Bangka Belitung"}},"36":{"code":"36","name":{"en":"Papua","fr":"Provinsi Papua"}},"37":{"code":"37","name":{"en":"Riau","fr":"Provinsi Riau"}},"38":{"code":"38","name":{"en":"South Sulawesi","fr":"Sulawesi du Sud"}},"39":{"code":"39","name":{"en":"West Papua","fr":"Papouasie occidentale"}},"40":{"code":"40","name":{"en":"Riau Islands","fr":"Provinsi Kepulauan Riau"}},"41":{"code":"41","name":{"en":"West Sulawesi","fr":"Provinsi Sulawesi Barat"}},"42":{"code":"42","name":{"en":"North Kalimantan","fr":"North Kalimantan"}},"03":{"code":"03","name":{"en":"Bengkulu","fr":"Propinsi Bengkulu"}},"08":{"code":"08","name":{"en":"East Java","fr":"Java oriental"}},"01":{"code":"01","name":{"en":"Aceh","fr":"Nanggroe Aceh Darussalam Province"}},"02":{"code":"02","name":{"en":"Bali","fr":"Provinsi Bali"}},"07":{"code":"07","name":{"en":"Central Java","fr":"Java central"}},"05":{"code":"05","name":{"en":"Jambi","fr":"Provinsi Jambi"}},"04":{"code":"04","name":{"en":"Jakarta","fr":"Daerah Khusus Ibukota Jakarta"}}}