{"9782164":{"code":"9782164","name":{"en":"Andreas","fr":"Andreas"}},"9782165":{"code":"9782165","name":{"en":"Arbory","fr":"Arbory"}},"9782166":{"code":"9782166","name":{"en":"Ballaugh","fr":"Ballaugh"}},"9782167":{"code":"9782167","name":{"en":"Braddan","fr":"Braddan"}},"9782168":{"code":"9782168","name":{"en":"Bride","fr":"Bride"}},"9782169":{"code":"9782169","name":{"en":"Castletown","fr":"Castletown"}},"9782170":{"code":"9782170","name":{"en":"Douglas","fr":"Douglas"}},"9782171":{"code":"9782171","name":{"en":"German","fr":"German"}},"9782172":{"code":"9782172","name":{"en":"Jurby","fr":"Jurby"}},"9782173":{"code":"9782173","name":{"en":"Laxey","fr":"Laxey"}},"9782176":{"code":"9782176","name":{"en":"Lezayre","fr":"Lezayre"}},"9782180":{"code":"9782180","name":{"en":"Lonan","fr":"Lonan"}},"9782182":{"code":"9782182","name":{"en":"Malew","fr":"Malew"}},"9782183":{"code":"9782183","name":{"en":"Marown","fr":"Marown"}},"9782184":{"code":"9782184","name":{"en":"Maughold","fr":"Maughold"}},"9782185":{"code":"9782185","name":{"en":"Michael","fr":"Michael"}},"9782186":{"code":"9782186","name":{"en":"Onchan","fr":"Onchan"}},"9782187":{"code":"9782187","name":{"en":"Patrick","fr":"Patrick"}},"9782188":{"code":"9782188","name":{"en":"Peel","fr":"Peel"}},"9782189":{"code":"9782189","name":{"en":"Port Erin","fr":"Port Erin"}},"9782190":{"code":"9782190","name":{"en":"Port St Mary","fr":"Port St Mary"}},"9782191":{"code":"9782191","name":{"en":"Ramsey","fr":"Ramsey"}},"9782192":{"code":"9782192","name":{"en":"Rushen","fr":"Rushen"}},"9782193":{"code":"9782193","name":{"en":"Santon","fr":"Santon"}}}