{"10":{"code":"10","name":{"en":"Haryana","fr":"Haryana"}},"11":{"code":"11","name":{"en":"Himachal Pradesh","fr":"Himachal Pradesh"}},"12":{"code":"12","name":{"en":"Kashmir","fr":"Jammu-et-Cachemire"}},"13":{"code":"13","name":{"en":"Kerala","fr":"Kerala"}},"14":{"code":"14","name":{"en":"Laccadives","fr":"Laquedives"}},"16":{"code":"16","name":{"en":"Maharashtra","fr":"Maharashtra"}},"17":{"code":"17","name":{"en":"Manipur","fr":"Manipur"}},"18":{"code":"18","name":{"en":"Meghalaya","fr":"Meghalaya"}},"19":{"code":"19","name":{"en":"Karnataka","fr":"Karnataka"}},"20":{"code":"20","name":{"en":"Nagaland","fr":"Nagaland"}},"21":{"code":"21","name":{"en":"Odisha","fr":"State of Odisha"}},"22":{"code":"22","name":{"en":"Union Territory of Puducherry","fr":"L’État de Pondichéry"}},"23":{"code":"23","name":{"en":"Punjab","fr":"Penjab"}},"24":{"code":"24","name":{"en":"Rajasthan","fr":"Rajasthan"}},"25":{"code":"25","name":{"en":"Tamil Nadu","fr":"Tamil Nadu"}},"26":{"code":"26","name":{"en":"Tripura","fr":"Tripura"}},"28":{"code":"28","name":{"en":"West Bengal","fr":"Bengale-Occidental"}},"29":{"code":"29","name":{"en":"Sikkim","fr":"Sikkim"}},"30":{"code":"30","name":{"en":"Arunachal Pradesh","fr":"Arunachal Pradesh"}},"31":{"code":"31","name":{"en":"Mizoram","fr":"Mizoram"}},"32":{"code":"32","name":{"en":"Daman and Diu","fr":"Daman et Diu"}},"33":{"code":"33","name":{"en":"Goa","fr":"Goa"}},"34":{"code":"34","name":{"en":"Bihar","fr":"Bihar"}},"35":{"code":"35","name":{"en":"Madhya Pradesh","fr":"Madhya Pradesh"}},"36":{"code":"36","name":{"en":"Uttar Pradesh","fr":"Uttar Pradesh"}},"37":{"code":"37","name":{"en":"Chhattisgarh","fr":"Chhattisgarh"}},"38":{"code":"38","name":{"en":"Jharkhand","fr":"Jharkhand"}},"39":{"code":"39","name":{"en":"Uttarakhand","fr":"Uttarakhand"}},"40":{"code":"40","name":{"en":"Telangana","fr":"Télangana"}},"09":{"code":"09","name":{"en":"Gujarat","fr":"Gujarat"}},"03":{"code":"03","name":{"en":"Assam","fr":"Assam"}},"02":{"code":"02","name":{"en":"Andhra Pradesh","fr":"Andhra Pradesh"}},"01":{"code":"01","name":{"en":"Union Territory of Andaman and Nicobar Islands","fr":"Andaman et Nicobar"}},"07":{"code":"07","name":{"en":"NCT","fr":"Delhi"}},"06":{"code":"06","name":{"en":"Dadra and Nagar Haveli","fr":"Dadra et Nagar Haveli"}},"05":{"code":"05","name":{"en":"Chandigarh","fr":"Chandigarh"}}}