{"10":{"code":"10","name":{"en":"Diyālá","fr":"Diyālá"}},"11":{"code":"11","name":{"en":"Muḩāfaz̧at Arbīl","fr":"Muḩāfaz̧at Arbīl"}},"12":{"code":"12","name":{"en":"Muḩāfaz̧at Karbalā’","fr":"Muḩāfaz̧at Karbalā’"}},"13":{"code":"13","name":{"en":"Muḩāfaz̧at Kirkūk","fr":"Muḩāfaz̧at Kirkūk"}},"14":{"code":"14","name":{"en":"Maysan","fr":"Muḩāfaz̧at Maysān"}},"15":{"code":"15","name":{"en":"Muḩāfaz̧at Nīnawá","fr":"Muḩāfaz̧at Nīnawá"}},"16":{"code":"16","name":{"en":"Muhafazat Wasit","fr":"Muhafazat Wasit"}},"17":{"code":"17","name":{"en":"An Najaf","fr":"An Najaf"}},"18":{"code":"18","name":{"en":"Salah ad Din Governorate","fr":"Muhafazat Salah ad Din"}},"01":{"code":"01","name":{"en":"Anbar","fr":"Muḩāfaz̧at al Anbār"}},"02":{"code":"02","name":{"en":"Basra Governorate","fr":"Muḩāfaz̧at al Başrah"}},"09":{"code":"09","name":{"en":"Dhi Qar","fr":"Muḩāfaz̧at Dhī Qār"}},"08":{"code":"08","name":{"en":"Dihok","fr":"Dihok"}},"07":{"code":"07","name":{"en":"Mayorality of Baghdad","fr":"Muḩāfaz̧at Baghdād"}},"06":{"code":"06","name":{"en":"Muḩāfaz̧at Bābil","fr":"Muḩāfaz̧at Bābil"}},"05":{"code":"05","name":{"en":"Muḩāfaz̧at as Sulaymānīyah","fr":"Muḩāfaz̧at as Sulaymānīyah"}},"04":{"code":"04","name":{"en":"Muḩāfaz̧at al Qādisīyah","fr":"Muḩāfaz̧at al Qādisīyah"}},"03":{"code":"03","name":{"en":"Muḩāfaz̧at al Muthanná","fr":"Muḩāfaz̧at al Muthanná"}}}