{"10":{"code":"10","name":{"en":"Ostān-e Īlām","fr":"Ostān-e Īlām"}},"11":{"code":"11","name":{"en":"Hormozgan","fr":"Hormozgan"}},"13":{"code":"13","name":{"en":"Ostān-e Kermānshāh","fr":"Ostān-e Kermānshāh"}},"15":{"code":"15","name":{"en":"Khuzestan","fr":"Khuzestan"}},"16":{"code":"16","name":{"en":"Ostān-e Kordestān","fr":"Ostān-e Kordestān"}},"22":{"code":"22","name":{"en":"Bushehr","fr":"Province de Bouchehr"}},"23":{"code":"23","name":{"en":"Ostān-e Lorestān","fr":"Lorestan"}},"25":{"code":"25","name":{"en":"Semnān","fr":"Province de Semnan"}},"26":{"code":"26","name":{"en":"Ostān-e Tehrān","fr":"Ostān-e Tehrān"}},"28":{"code":"28","name":{"en":"Isfahan","fr":"Isfahan"}},"29":{"code":"29","name":{"en":"Kerman","fr":"Kerman"}},"32":{"code":"32","name":{"en":"Ostān-e Ardabīl","fr":"Ostān-e Ardabīl"}},"33":{"code":"33","name":{"en":"East Azerbaijan","fr":"East Azerbaijan"}},"34":{"code":"34","name":{"en":"Markazi","fr":"Markazi"}},"35":{"code":"35","name":{"en":"Māzandarān","fr":"Mazandaran"}},"36":{"code":"36","name":{"en":"Zanjan","fr":"Ostān-e Zanjān"}},"37":{"code":"37","name":{"en":"Ostān-e Golestān","fr":"Ostān-e Golestān"}},"38":{"code":"38","name":{"en":"Ostān-e Qazvīn","fr":"Ostān-e Qazvīn"}},"39":{"code":"39","name":{"en":"Qom","fr":"Qom"}},"40":{"code":"40","name":{"en":"Yazd","fr":"Yazd"}},"41":{"code":"41","name":{"en":"Ostān-e Khorāsān-e Jonūbī","fr":"Ostān-e Khorāsān-e Jonūbī"}},"42":{"code":"42","name":{"en":"Razavi Khorasan","fr":"Khorasan-e Razavi"}},"43":{"code":"43","name":{"en":"Ostān-e Khorāsān-e Shomālī","fr":"Ostān-e Khorāsān-e Shomālī"}},"44":{"code":"44","name":{"en":"Alborz","fr":"Alborz"}},"04":{"code":"04","name":{"en":"Sistan and Baluchestan","fr":"Sistan and Baluchestan"}},"01":{"code":"01","name":{"en":"Ostān-e Āz̄arbāyjān-e Gharbī","fr":"Ostān-e Āz̄arbāyjān-e Gharbī"}},"07":{"code":"07","name":{"en":"Fars","fr":"Fars"}},"09":{"code":"09","name":{"en":"Ostān-e Hamadān","fr":"Ostān-e Hamadān"}},"03":{"code":"03","name":{"en":"Ostān-e Chahār Maḩāl va Bakhtīārī","fr":"Ostān-e Chahār Maḩāl va Bakhtīārī"}},"05":{"code":"05","name":{"en":"Ostān-e Kohgīlūyeh va Bowyer Aḩmad","fr":"Ostān-e Kohgīlūyeh va Bowyer Aḩmad"}},"08":{"code":"08","name":{"en":"Ostān-e Gīlān","fr":"Ostān-e Gīlān"}}}