{"38":{"code":"38","name":{"en":"East","fr":"Est"}},"39":{"code":"39","name":{"en":"Capital Region","fr":"Région de la capitale"}},"40":{"code":"40","name":{"en":"Northeast","fr":"Nord-est"}},"41":{"code":"41","name":{"en":"Northwest","fr":"Nord-ouest"}},"42":{"code":"42","name":{"en":"South","fr":"Sud"}},"43":{"code":"43","name":{"en":"Southern Peninsula","fr":"Péninsule méridionale"}},"44":{"code":"44","name":{"en":"Westfjords","fr":"Fjords de l'ouest"}},"45":{"code":"45","name":{"en":"West","fr":"Ouest"}}}