{"10":{"code":"10","name":{"en":"The Marches","fr":"Marches"}},"11":{"code":"11","name":{"en":"Molise","fr":"Molise"}},"12":{"code":"12","name":{"en":"Piedmont","fr":"Piémont"}},"13":{"code":"13","name":{"en":"Apulia","fr":"Pouilles"}},"14":{"code":"14","name":{"en":"Sardinia","fr":"Sardaigne"}},"15":{"code":"15","name":{"en":"Sicily","fr":"Sicile"}},"16":{"code":"16","name":{"en":"Tuscany","fr":"Toscane"}},"17":{"code":"17","name":{"en":"Trentino-Alto Adige","fr":"Trentin-Haut-Adige"}},"18":{"code":"18","name":{"en":"Umbria","fr":"Ombrie"}},"19":{"code":"19","name":{"en":"Aosta Valley","fr":"Vallée d'Aoste"}},"20":{"code":"20","name":{"en":"Veneto","fr":"Vénétie"}},"03":{"code":"03","name":{"en":"Calabria","fr":"Calabre"}},"01":{"code":"01","name":{"en":"Abruzzo","fr":"Abruzzes"}},"04":{"code":"04","name":{"en":"Campania","fr":"Campanie"}},"02":{"code":"02","name":{"en":"Basilicate","fr":"Basilicate"}},"09":{"code":"09","name":{"en":"Lombardy","fr":"Lombardie"}},"08":{"code":"08","name":{"en":"Liguria","fr":"Ligurie"}},"07":{"code":"07","name":{"en":"Latium","fr":"Latium"}},"06":{"code":"06","name":{"en":"Friuli Venezia Giulia","fr":"Frioul-Vénétie julienne"}},"05":{"code":"05","name":{"en":"Emilia-Romagna","fr":"Émilie-Romagne"}}}