{"3237072":{"code":"3237072","name":{"en":"St Clement","fr":"Saint-Clément"}},"3237073":{"code":"3237073","name":{"en":"St Saviour","fr":"Saint-Sauveur"}},"3237200":{"code":"3237200","name":{"en":"St. Brelade","fr":"Saint Brelade"}},"3237203":{"code":"3237203","name":{"en":"Grouville","fr":"Grouville"}},"3237212":{"code":"3237212","name":{"en":"St Mary","fr":"Sainte-Marie"}},"3237214":{"code":"3237214","name":{"en":"St Lawrence","fr":"Saint-Laurent"}},"3237221":{"code":"3237221","name":{"en":"St Peter","fr":"Saint-Pierre"}},"3237229":{"code":"3237229","name":{"en":"St Ouen","fr":"Saint-Ouen"}},"3237497":{"code":"3237497","name":{"en":"St John","fr":"Saint John"}},"3237530":{"code":"3237530","name":{"en":"Trinity","fr":"La Trinité"}},"3237716":{"code":"3237716","name":{"en":"St Martîn","fr":"Saint-Martin"}},"3237864":{"code":"3237864","name":{"en":"St Helier","fr":"Saint-Hélier"}}}