{"10":{"code":"10","name":{"en":"Parish of Saint Catherine","fr":"Parish of Saint Catherine"}},"11":{"code":"11","name":{"en":"St. Elizabeth","fr":"Parish of Saint Elizabeth"}},"12":{"code":"12","name":{"en":"Parish of Saint James","fr":"Parish of Saint James"}},"13":{"code":"13","name":{"en":"Parish of Saint Mary","fr":"Parish of Saint Mary"}},"14":{"code":"14","name":{"en":"Parish of Saint Thomas","fr":"Parish of Saint Thomas"}},"15":{"code":"15","name":{"en":"Parish of Trelawny","fr":"Parish of Trelawny"}},"16":{"code":"16","name":{"en":"Parish of Westmoreland","fr":"Parish of Westmoreland"}},"17":{"code":"17","name":{"en":"Kingston","fr":"Paroisse de Kingston"}},"09":{"code":"09","name":{"en":"Parish of Saint Ann","fr":"Parish of Saint Ann"}},"08":{"code":"08","name":{"en":"Parish of Saint Andrew","fr":"Parish of Saint Andrew"}},"07":{"code":"07","name":{"en":"Parish of Portland","fr":"Parish of Portland"}},"04":{"code":"04","name":{"en":"Parish of Manchester","fr":"Parish of Manchester"}},"02":{"code":"02","name":{"en":"Hanover","fr":"Paroisse de Hanover"}},"01":{"code":"01","name":{"en":"Parish of Clarendon","fr":"Parish of Clarendon"}}}