{"12":{"code":"12","name":{"en":"Tafielah","fr":"Muḩāfaz̧at aţ Ţafīlah"}},"15":{"code":"15","name":{"en":"Mafraq","fr":"Al Mafraq"}},"16":{"code":"16","name":{"en":"Amman","fr":"Amman Governorate"}},"17":{"code":"17","name":{"en":"Zarqa","fr":"Muḩāfaz̧at az Zarqā’"}},"18":{"code":"18","name":{"en":"Irbid","fr":"Gouvernorat dIrbid"}},"19":{"code":"19","name":{"en":"Ma’an","fr":"Muḩāfaz̧at Ma‘ān"}},"20":{"code":"20","name":{"en":"Ajloun","fr":"Ajloun"}},"21":{"code":"21","name":{"en":"Aqaba","fr":"Muḩāfaz̧at al ‘Aqabah"}},"22":{"code":"22","name":{"en":"Jerash","fr":"Jerash"}},"23":{"code":"23","name":{"en":"Madaba","fr":"Muḩāfaz̧at Mādabā"}},"09":{"code":"09","name":{"en":"Karak","fr":"Al Karak"}},"02":{"code":"02","name":{"en":"Balqa","fr":"Muḩāfaz̧at al Balqā’"}}}