{"10":{"code":"10","name":{"en":"Gunma","fr":"Préfecture de Gunma"}},"11":{"code":"11","name":{"en":"Hiroshima","fr":"Hiroshima-ken"}},"12":{"code":"12","name":{"en":"Hokkaido","fr":"Hokkaido"}},"13":{"code":"13","name":{"en":"Hyōgo","fr":"Préfecture de Hyōgo"}},"14":{"code":"14","name":{"en":"Ibaraki","fr":"Préfecture dIbaraki"}},"15":{"code":"15","name":{"en":"Ishikawa","fr":"Ishikawa-ken"}},"16":{"code":"16","name":{"en":"Iwate","fr":"Préfecture dIwate"}},"17":{"code":"17","name":{"en":"Kagawa","fr":"Préfecture de Kagawa"}},"18":{"code":"18","name":{"en":"Kagoshima","fr":"Kagoshima-ken"}},"19":{"code":"19","name":{"en":"Kanagawa","fr":"Préfecture de Kanagawa"}},"20":{"code":"20","name":{"en":"Kochi","fr":"Kochi"}},"21":{"code":"21","name":{"en":"Kumamoto","fr":"Préfecture de Kumamoto"}},"22":{"code":"22","name":{"en":"Kyoto","fr":"Préfecture de Kyoto"}},"23":{"code":"23","name":{"en":"Mie","fr":"Mie-ken"}},"24":{"code":"24","name":{"en":"Miyagi","fr":"Préfecture de Miyagi"}},"25":{"code":"25","name":{"en":"Miyazaki","fr":"Préfecture de Miyazaki"}},"26":{"code":"26","name":{"en":"Nagano","fr":"Préfecture de Nagano"}},"27":{"code":"27","name":{"en":"Nagasaki","fr":"Préfecture de Nagasaki"}},"28":{"code":"28","name":{"en":"Nara","fr":"Nara-ken"}},"29":{"code":"29","name":{"en":"Niigata","fr":"Préfecture de Niigata"}},"30":{"code":"30","name":{"en":"Oita","fr":"Préfecture de Oita"}},"31":{"code":"31","name":{"en":"Okayama","fr":"Préfecture dOkayama"}},"32":{"code":"32","name":{"en":"Ōsaka","fr":"Ōsaka-fu"}},"33":{"code":"33","name":{"en":"Saga Prefecture","fr":"Saga-ken"}},"34":{"code":"34","name":{"en":"Saitama","fr":"Saitama-ken"}},"35":{"code":"35","name":{"en":"Shiga Prefecture","fr":"Préfecture de Shiga"}},"36":{"code":"36","name":{"en":"Shimane","fr":"Préfecture de Shimane"}},"37":{"code":"37","name":{"en":"Shizuoka","fr":"Préfecture de Shizuoka"}},"38":{"code":"38","name":{"en":"Tochigi","fr":"Préfecture de Tochigi"}},"39":{"code":"39","name":{"en":"Tokushima","fr":"Tokushima-ken"}},"40":{"code":"40","name":{"en":"Tokyo","fr":"Préfecture de Tokyo"}},"41":{"code":"41","name":{"en":"Tottori","fr":"Préfecture de Tottori"}},"42":{"code":"42","name":{"en":"Toyama","fr":"Toyama-ken"}},"43":{"code":"43","name":{"en":"Wakayama","fr":"Préfecture de Wakayama"}},"44":{"code":"44","name":{"en":"Yamagata","fr":"Préfecture de Yamagata"}},"45":{"code":"45","name":{"en":"Yamaguchi","fr":"Préfecture de Yamaguchi"}},"46":{"code":"46","name":{"en":"Yamanashi","fr":"Préfecture de Yamanashi"}},"47":{"code":"47","name":{"en":"Okinawa","fr":"Préfecture dOkinawa"}},"09":{"code":"09","name":{"en":"Gifu","fr":"Préfecture de Gifu"}},"07":{"code":"07","name":{"en":"Fukuoka","fr":"Préfecture de Fukuoka"}},"06":{"code":"06","name":{"en":"Fukui","fr":"Préfecture de Fukui"}},"05":{"code":"05","name":{"en":"Ehime","fr":"Ehime"}},"01":{"code":"01","name":{"en":"Aichi","fr":"Aichi-ken"}},"08":{"code":"08","name":{"en":"Fukushima","fr":"Préfecture de Fukushima"}},"04":{"code":"04","name":{"en":"Chiba","fr":"Chiba-ken"}},"02":{"code":"02","name":{"en":"Akita","fr":"Préfecture dAkita"}},"03":{"code":"03","name":{"en":"Aomori","fr":"Préfecture dAomori"}}}