{"10":{"code":"10","name":{"en":"Baringo","fr":"Baringo"}},"11":{"code":"11","name":{"en":"Bomet","fr":"Bomet"}},"12":{"code":"12","name":{"en":"Bungoma","fr":"Bungoma"}},"13":{"code":"13","name":{"en":"Busia","fr":"Busia"}},"14":{"code":"14","name":{"en":"Elegeyo-Marakwet","fr":"Elegeyo-Marakwet"}},"15":{"code":"15","name":{"en":"Embu","fr":"Embu"}},"16":{"code":"16","name":{"en":"Garissa","fr":"Garissa"}},"17":{"code":"17","name":{"en":"Homa Bay","fr":"Homa Bay"}},"18":{"code":"18","name":{"en":"Isiolo","fr":"Isiolo"}},"19":{"code":"19","name":{"en":"Kajiado","fr":"Kajiado"}},"20":{"code":"20","name":{"en":"Kakamega","fr":"Kakamega"}},"21":{"code":"21","name":{"en":"Kericho","fr":"Kericho"}},"22":{"code":"22","name":{"en":"Kiambu","fr":"Kiambu"}},"23":{"code":"23","name":{"en":"Kilifi","fr":"Kilifi"}},"24":{"code":"24","name":{"en":"Kirinyaga","fr":"Kirinyaga"}},"25":{"code":"25","name":{"en":"Kisii","fr":"Kisii"}},"26":{"code":"26","name":{"en":"Kisumu","fr":"Kisumu"}},"27":{"code":"27","name":{"en":"Kitui","fr":"Kitui"}},"28":{"code":"28","name":{"en":"Kwale","fr":"Kwale"}},"29":{"code":"29","name":{"en":"Laikipia","fr":"Laikipia"}},"30":{"code":"30","name":{"en":"Lamu","fr":"Lamu"}},"31":{"code":"31","name":{"en":"Machakos","fr":"Machakos"}},"32":{"code":"32","name":{"en":"Makueni","fr":"Makueni"}},"33":{"code":"33","name":{"en":"Mandera","fr":"Mandera"}},"34":{"code":"34","name":{"en":"Marsabit","fr":"Marsabit"}},"35":{"code":"35","name":{"en":"Meru","fr":"Meru"}},"36":{"code":"36","name":{"en":"Migori","fr":"Migori"}},"37":{"code":"37","name":{"en":"Mombasa","fr":"Mombasa"}},"38":{"code":"38","name":{"en":"Murang'A","fr":"Murang'A"}},"39":{"code":"39","name":{"en":"Nakuru","fr":"Nakuru"}},"40":{"code":"40","name":{"en":"Nandi","fr":"Nandi"}},"41":{"code":"41","name":{"en":"Narok","fr":"Narok"}},"42":{"code":"42","name":{"en":"Nyamira","fr":"Nyamira"}},"43":{"code":"43","name":{"en":"Nyandarua","fr":"Nyandarua"}},"44":{"code":"44","name":{"en":"Nyeri","fr":"Nyeri"}},"45":{"code":"45","name":{"en":"Samburu","fr":"Samburu"}},"46":{"code":"46","name":{"en":"Siaya","fr":"Siaya"}},"47":{"code":"47","name":{"en":"Taita Taveta","fr":"Taita Taveta"}},"48":{"code":"48","name":{"en":"Tana River","fr":"Tana River"}},"49":{"code":"49","name":{"en":"Tharaka - Nithi","fr":"Tharaka - Nithi"}},"50":{"code":"50","name":{"en":"Trans Nzoia","fr":"Trans Nzoia"}},"51":{"code":"51","name":{"en":"Turkana","fr":"Turkana"}},"52":{"code":"52","name":{"en":"Uasin Gishu","fr":"Uasin Gishu"}},"53":{"code":"53","name":{"en":"Vihiga","fr":"Vihiga"}},"54":{"code":"54","name":{"en":"Wajir","fr":"Wajir"}},"55":{"code":"55","name":{"en":"West Pokot","fr":"West Pokot"}},"05":{"code":"05","name":{"en":"Nairobi","fr":"Nairobi"}}}