{"10":{"code":"10","name":{"en":"Osh City","fr":"Osh City"}},"06":{"code":"06","name":{"en":"Talas","fr":"Talas"}},"04":{"code":"04","name":{"en":"Naryn oblast","fr":"Naryn oblast"}},"07":{"code":"07","name":{"en":"Issyk-Kul’skaya Oblast’","fr":"Issyk-Kul’skaya Oblast’"}},"01":{"code":"01","name":{"en":"Gorod Bishkek","fr":"Gorod Bishkek"}},"03":{"code":"03","name":{"en":"Jalal-Abad oblast","fr":"Jalal-Abad oblast"}},"02":{"code":"02","name":{"en":"Chuyskaya Oblast’","fr":"Chuyskaya Oblast’"}},"08":{"code":"08","name":{"en":"Osh Oblasty","fr":"Osh Oblasty"}},"09":{"code":"09","name":{"en":"Batken","fr":"Batken"}}}