{"10":{"code":"10","name":{"en":"Mondolkiri","fr":"Mondolkiri"}},"12":{"code":"12","name":{"en":"Pursat","fr":"Province de Pouthisat"}},"13":{"code":"13","name":{"en":"Preah Vihear","fr":"Province de Preah Vihear"}},"14":{"code":"14","name":{"en":"Prey Veng","fr":"Prey Veng"}},"17":{"code":"17","name":{"en":"Stung Treng","fr":"Stung Treng"}},"18":{"code":"18","name":{"en":"Svay Rieng Province","fr":"Svay Rieng"}},"19":{"code":"19","name":{"en":"Takeo","fr":"Takeo"}},"21":{"code":"21","name":{"en":"Kampot","fr":"Kampot"}},"22":{"code":"22","name":{"en":"Phnom Penh","fr":"Phnom Penh"}},"23":{"code":"23","name":{"en":"Ratanakiri Province","fr":"Province de Rotanah Kiri"}},"24":{"code":"24","name":{"en":"Siem Reap","fr":"Siem Reap"}},"25":{"code":"25","name":{"en":"Banteay Meanchey","fr":"Province de Banteay Mean Chey"}},"26":{"code":"26","name":{"en":"Kep","fr":"Kep"}},"27":{"code":"27","name":{"en":"Ŏtâr Méanchey","fr":"Ŏtâr Méanchey"}},"28":{"code":"28","name":{"en":"Preah Sihanouk","fr":"Sihanoukville"}},"29":{"code":"29","name":{"en":"Battambang","fr":"Battambang"}},"30":{"code":"30","name":{"en":"Pailin","fr":"Pailin"}},"31":{"code":"31","name":{"en":"Tboung Khmum","fr":"Tboung Khmum"}},"09":{"code":"09","name":{"en":"Kratie","fr":"Kratie"}},"08":{"code":"08","name":{"en":"Koh Kong","fr":"Province de Kaoh Kong"}},"05":{"code":"05","name":{"en":"Kampong Thom","fr":"Kampong Thom"}},"04":{"code":"04","name":{"en":"Kampong Speu","fr":"Kampong Speu"}},"02":{"code":"02","name":{"en":"Kampong Cham Province","fr":"Province de Kampong Cham"}},"07":{"code":"07","name":{"en":"Kandal","fr":"Kandal"}},"03":{"code":"03","name":{"en":"Kampong Chhnang Province","fr":"Province de Kampong Chhnang"}}}