{"10":{"code":"10","name":{"en":"Saint Paul Charlestown","fr":"Saint-Paul Charlestown"}},"11":{"code":"11","name":{"en":"Saint Peter Basseterre","fr":"Saint-Peter Basseterre"}},"12":{"code":"12","name":{"en":"Saint Thomas Lowland","fr":"Saint-Thomas Lowland"}},"13":{"code":"13","name":{"en":"Saint Thomas Middle Island","fr":"Saint-Thomas Middle Island"}},"15":{"code":"15","name":{"en":"Trinity Palmetto Point","fr":"Trinity Palmetto Point"}},"09":{"code":"09","name":{"en":"Saint Paul Capesterre","fr":"Saint-Paul Capisterre"}},"08":{"code":"08","name":{"en":"Saint Mary Cayon","fr":"Saint-Mary Cayon"}},"07":{"code":"07","name":{"en":"Saint John Figtree","fr":"Saint-John Figtree"}},"06":{"code":"06","name":{"en":"Saint John Capesterre","fr":"Saint-John Capisterre"}},"05":{"code":"05","name":{"en":"Saint James Windward","fr":"Saint-James Windward"}},"04":{"code":"04","name":{"en":"Saint George Gingerland","fr":"Saint-George Gingerland"}},"03":{"code":"03","name":{"en":"Saint George Basseterre","fr":"Saint-George Basseterre"}},"02":{"code":"02","name":{"en":"Saint Anne Sandy Point","fr":"Saint-Anne Sandy Point"}},"01":{"code":"01","name":{"en":"Christ Church Nichola Town","fr":"Christ Church Nichola Town"}}}