{"11":{"code":"11","name":{"en":"P’yŏngan-bukto","fr":"P’yŏngan-bukto"}},"12":{"code":"12","name":{"en":"Pyongyang","fr":"Pyongyang"}},"13":{"code":"13","name":{"en":"Yanggang-do","fr":"Yanggang-do"}},"15":{"code":"15","name":{"en":"P’yŏngan-namdo","fr":"P’yŏngan-namdo"}},"17":{"code":"17","name":{"en":"Hambuk","fr":"Hambuk"}},"18":{"code":"18","name":{"en":"Rason","fr":"Rason"}},"01":{"code":"01","name":{"en":"Chagang-do","fr":"Chagang-do"}},"09":{"code":"09","name":{"en":"Kangwŏn-do","fr":"Kangwŏn-do"}},"06":{"code":"06","name":{"en":"Hwanghae-namdo","fr":"Hwanghae-namdo"}},"07":{"code":"07","name":{"en":"Hwanghae-bukto","fr":"Hwanghae-bukto"}},"03":{"code":"03","name":{"en":"Hamnam","fr":"Hamnam"}}}