{"10":{"code":"10","name":{"en":"Busan","fr":"Busan"}},"11":{"code":"11","name":{"en":"Seoul","fr":"Seoul"}},"12":{"code":"12","name":{"en":"Incheon","fr":"Incheon"}},"13":{"code":"13","name":{"en":"Gyeonggi-do","fr":"Gyeonggi-do"}},"14":{"code":"14","name":{"en":"Gyeongsangbuk-do","fr":"Gyeongsangbuk-do"}},"15":{"code":"15","name":{"en":"Daegu","fr":"Daegu"}},"16":{"code":"16","name":{"en":"Jeollanam-do","fr":"Jeollanam-do"}},"17":{"code":"17","name":{"en":"Chungcheongnam-do","fr":"Chungcheongnam-do"}},"18":{"code":"18","name":{"en":"Gwangju","fr":"Gwangju"}},"19":{"code":"19","name":{"en":"Daejeon","fr":"Daejeon"}},"20":{"code":"20","name":{"en":"Gyeongsangnam-do","fr":"Gyeongsangnam-do"}},"21":{"code":"21","name":{"en":"Ulsan","fr":"Ulsan"}},"22":{"code":"22","name":{"en":"Sejong-si","fr":"Sejong-si"}},"06":{"code":"06","name":{"en":"Gangwon-do","fr":"Gangwon-do"}},"05":{"code":"05","name":{"en":"Chungcheongbuk-do","fr":"Chungcheongbuk-do"}},"03":{"code":"03","name":{"en":"Jeollabuk-do","fr":"Jeollabuk-do"}},"01":{"code":"01","name":{"en":"Jeju-do","fr":"Jeju-do"}}}