{"08":{"code":"08","name":{"en":"Muḩāfaz̧at Ḩawallī","fr":"Muḩāfaz̧at Ḩawallī"}},"02":{"code":"02","name":{"en":"Al Asimah","fr":"Al Asimah Governorate"}},"05":{"code":"05","name":{"en":"Muḩāfaz̧at al Jahrā’","fr":"Muḩāfaz̧at al Jahrā’"}},"07":{"code":"07","name":{"en":"Al Farwaniyah","fr":"Muḩāfaz̧at al Farwānīyah"}},"04":{"code":"04","name":{"en":"Al Aḩmadī","fr":"Muḩāfaz̧at al Aḩmadī"}},"09":{"code":"09","name":{"en":"Mubārak al Kabīr","fr":"Muḩāfaz̧at Mubārak al Kabīr"}}}