{"10":{"code":"10","name":{"en":"Yuzhno-Kazakhstanskaya Oblast’","fr":"Yuzhno-Kazakhstanskaya Oblast’"}},"11":{"code":"11","name":{"en":"Pavlodar Oblysy","fr":"Pavlodar Oblysy"}},"12":{"code":"12","name":{"en":"Qaraghandy Oblysy","fr":"Qaraghandy Oblysy"}},"13":{"code":"13","name":{"en":"Qostanay Oblysy","fr":"Qostanay Oblysy"}},"14":{"code":"14","name":{"en":"Qyzylorda Oblysy","fr":"Qyzylorda Oblysy"}},"15":{"code":"15","name":{"en":"East Kazakhstan","fr":"Vostochno-Kazakhstanskaya Oblast’"}},"16":{"code":"16","name":{"en":"Severo-Kazakhstanskaya Oblast’","fr":"Severo-Kazakhstanskaya Oblast’"}},"17":{"code":"17","name":{"en":"Zhambyl Oblysy","fr":"Zhambyl Oblysy"}},"01":{"code":"01","name":{"en":"Almaty Oblysy","fr":"Almaty Oblysy"}},"09":{"code":"09","name":{"en":"Mangistauskaya Oblast’","fr":"Mangistauskaya Oblast’"}},"04":{"code":"04","name":{"en":"Aktyubinskaya Oblast’","fr":"Aktyubinskaya Oblast’"}},"07":{"code":"07","name":{"en":"Zapadno-Kazakhstanskaya Oblast’","fr":"Zapadno-Kazakhstanskaya Oblast’"}},"06":{"code":"06","name":{"en":"Atyraū Oblysy","fr":"Atyraū Oblysy"}},"02":{"code":"02","name":{"en":"Almaty Qalasy","fr":"Almaty Qalasy"}},"03":{"code":"03","name":{"en":"Aqmola Oblysy","fr":"Aqmola Oblysy"}},"08":{"code":"08","name":{"en":"Bayqongyr Qalasy","fr":"Bayqongyr Qalasy"}},"05":{"code":"05","name":{"en":"Astana Qalasy","fr":"Astana Qalasy"}}}