{"13":{"code":"13","name":{"en":"Xaignabouli","fr":"Xaignabouli"}},"14":{"code":"14","name":{"en":"Xiangkhouang","fr":"Xiangkhouang"}},"15":{"code":"15","name":{"en":"Khammouan","fr":"Khammouan"}},"16":{"code":"16","name":{"en":"Louangnamtha","fr":"Louangnamtha"}},"17":{"code":"17","name":{"en":"Luang Prabang Province","fr":"Luang Prabang Province"}},"18":{"code":"18","name":{"en":"Khouèng Phôngsali","fr":"Khouèng Phôngsali"}},"19":{"code":"19","name":{"en":"Salavan","fr":"Salavan"}},"20":{"code":"20","name":{"en":"Khouèng Savannakhét","fr":"Khouèng Savannakhét"}},"22":{"code":"22","name":{"en":"Bokeo Province","fr":"Khouèng Bokèo"}},"23":{"code":"23","name":{"en":"Bolikhamsai Province","fr":"Bolikhamxai"}},"24":{"code":"24","name":{"en":"Vientiane","fr":"Vientiane Prefecture"}},"26":{"code":"26","name":{"en":"Khouèng Xékong","fr":"Khouèng Xékong"}},"27":{"code":"27","name":{"en":"Vientiane Province","fr":"Vientiane Province"}},"01":{"code":"01","name":{"en":"Attapu","fr":"Attapu"}},"07":{"code":"07","name":{"en":"Khouèng Oudômxai","fr":"Khouèng Oudômxai"}},"03":{"code":"03","name":{"en":"Houaphan","fr":"Houaphan"}},"02":{"code":"02","name":{"en":"Champasak","fr":"Champasak"}}}