{"10":{"code":"10","name":{"en":"Mohafazat Aakkâr","fr":"Akkar"}},"11":{"code":"11","name":{"en":"Mohafazat Baalbek-Hermel","fr":"Baalback-Hermel"}},"08":{"code":"08","name":{"en":"Mohafazat Béqaa","fr":"Bekaa"}},"05":{"code":"05","name":{"en":"Mohafazat Mont-Liban","fr":"Mont-Liban"}},"04":{"code":"04","name":{"en":"Beyrouth","fr":"Beyrouth"}},"09":{"code":"09","name":{"en":"Mohafazat Liban-Nord","fr":"Liban-Nord"}},"06":{"code":"06","name":{"en":"South Governorate","fr":"Liban-Sud"}},"07":{"code":"07","name":{"en":"Mohafazat Nabatîyé","fr":"Nabatiyé"}}}