{"10":{"code":"10","name":{"en":"Vieux-Fort","fr":"Vieux-Fort"}},"11":{"code":"11","name":{"en":"Quarter of Praslin","fr":"Quarter of Praslin"}},"01":{"code":"01","name":{"en":"Anse-la-Raye","fr":"Anse-la-Raye"}},"09":{"code":"09","name":{"en":"Soufrière","fr":"Soufrière"}},"08":{"code":"08","name":{"en":"Micoud Quarter","fr":"District de Micoud"}},"07":{"code":"07","name":{"en":"Laborie Quarter","fr":"District de Laborie"}},"06":{"code":"06","name":{"en":"Gros-Islet","fr":"Gros-Islet"}},"05":{"code":"05","name":{"en":"Dennery Quarter","fr":"District de Dennery"}},"02":{"code":"02","name":{"en":"Quarter of Dauphin","fr":"Quarter of Dauphin"}},"04":{"code":"04","name":{"en":"Choiseul Quarter","fr":"District de Choiseul"}},"03":{"code":"03","name":{"en":"Castries Quarter","fr":"District de Castries"}}}