{"10":{"code":"10","name":{"en":"Triesenberg","fr":"Triesenberg"}},"11":{"code":"11","name":{"en":"Vaduz","fr":"Vaduz"}},"09":{"code":"09","name":{"en":"Triesen","fr":"Triesen"}},"08":{"code":"08","name":{"en":"Schellenberg","fr":"Schellenberg"}},"07":{"code":"07","name":{"en":"Schaan","fr":"Schaan"}},"06":{"code":"06","name":{"en":"Ruggell","fr":"Ruggell"}},"05":{"code":"05","name":{"en":"Planken","fr":"Planken"}},"04":{"code":"04","name":{"en":"Mauren","fr":"Mauren"}},"03":{"code":"03","name":{"en":"Gemeinde Gamprin","fr":"Gemeinde Gamprin"}},"02":{"code":"02","name":{"en":"Eschen","fr":"Eschen"}},"01":{"code":"01","name":{"en":"Balzers","fr":"Balzers"}}}