{"29":{"code":"29","name":{"en":"Central Province","fr":"Province du Centre"}},"30":{"code":"30","name":{"en":"North Central Province","fr":"North Central Province"}},"32":{"code":"32","name":{"en":"North Western Province","fr":"Province du Nord-Ouest"}},"33":{"code":"33","name":{"en":"Province of Sabaragamuwa","fr":"Province of Sabaragamuwa"}},"34":{"code":"34","name":{"en":"Southern Province","fr":"Southern Province"}},"35":{"code":"35","name":{"en":"Province of Uva","fr":"Province of Uva"}},"36":{"code":"36","name":{"en":"Western Province","fr":"Western Province"}},"37":{"code":"37","name":{"en":"Eastern Province","fr":"Eastern Province"}},"38":{"code":"38","name":{"en":"Northern Province","fr":"Province du Nord"}}}