{"10":{"code":"10","name":{"en":"Sinoe County","fr":"Sinoe County"}},"11":{"code":"11","name":{"en":"Grand Bassa County","fr":"Grand Bassa County"}},"12":{"code":"12","name":{"en":"Grand Cape Mount County","fr":"Grand Cape Mount County"}},"13":{"code":"13","name":{"en":"Maryland County","fr":"Maryland County"}},"14":{"code":"14","name":{"en":"Montserrado County","fr":"Montserrado County"}},"15":{"code":"15","name":{"en":"Bomi County","fr":"Bomi County"}},"16":{"code":"16","name":{"en":"Grand Kru County","fr":"Grand Kru County"}},"17":{"code":"17","name":{"en":"Margibi County","fr":"Margibi County"}},"18":{"code":"18","name":{"en":"River Cess County","fr":"River Cess County"}},"19":{"code":"19","name":{"en":"Grand Gedeh County","fr":"Grand Gedeh County"}},"20":{"code":"20","name":{"en":"Lofa County","fr":"Lofa County"}},"21":{"code":"21","name":{"en":"Gbarpolu County","fr":"Gbarpolu County"}},"22":{"code":"22","name":{"en":"River Gee County","fr":"River Gee County"}},"09":{"code":"09","name":{"en":"Nimba County","fr":"Nimba County"}},"01":{"code":"01","name":{"en":"Bong County","fr":"Bong County"}}}