{"10":{"code":"10","name":{"en":"Berea","fr":"District de Berea"}},"11":{"code":"11","name":{"en":"Butha-Buthe","fr":"District de Butha-Buthe"}},"12":{"code":"12","name":{"en":"Leribe","fr":"District de Leribe"}},"13":{"code":"13","name":{"en":"Mafeteng District","fr":"Mafeteng District"}},"14":{"code":"14","name":{"en":"Maseru","fr":"District de Maseru"}},"15":{"code":"15","name":{"en":"Mohale’s Hoek District","fr":"Mohale’s Hoek District"}},"16":{"code":"16","name":{"en":"Mokhotlong","fr":"District de Mokhotlong"}},"17":{"code":"17","name":{"en":"Qacha’s Nek","fr":"Qacha’s Nek"}},"18":{"code":"18","name":{"en":"Quthing","fr":"District de Quthing"}},"19":{"code":"19","name":{"en":"Thaba-Tseka","fr":"District de Thaba-Tseka"}}}