{"56":{"code":"56","name":{"en":"Alytus County","fr":"Alytus County"}},"57":{"code":"57","name":{"en":"Kaunas County","fr":"Kaunas County"}},"58":{"code":"58","name":{"en":"Klaipėda County","fr":"Klaipėda County"}},"59":{"code":"59","name":{"en":"Marijampolė County","fr":"Marijampolė County"}},"60":{"code":"60","name":{"en":"Panevėžys","fr":"Panevėžys"}},"61":{"code":"61","name":{"en":"Šiauliai County","fr":"Šiauliai County"}},"62":{"code":"62","name":{"en":"Tauragė County","fr":"Tauragė County"}},"63":{"code":"63","name":{"en":"Telšiai County","fr":"Telšių apskritis"}},"64":{"code":"64","name":{"en":"Utena County","fr":"Utena County"}},"65":{"code":"65","name":{"en":"Vilnius County","fr":"Vilniaus apskritis"}}}