{"10":{"code":"10","name":{"en":"Jēkabpils Municipality","fr":"Jēkabpils Municipality"}},"11":{"code":"11","name":{"en":"Jelgava","fr":"Jelgava"}},"12":{"code":"12","name":{"en":"Jelgavas Rajons","fr":"Jelgavas Rajons"}},"13":{"code":"13","name":{"en":"Jūrmala","fr":"Jūrmala"}},"14":{"code":"14","name":{"en":"Krāslavas Rajons","fr":"Krāslavas Rajons"}},"15":{"code":"15","name":{"en":"Kuldīgas Rajons","fr":"Kuldīgas Rajons"}},"16":{"code":"16","name":{"en":"Liepāja","fr":"Liepāja"}},"18":{"code":"18","name":{"en":"Limbažu Rajons","fr":"Limbažu Rajons"}},"19":{"code":"19","name":{"en":"Ludzas Rajons","fr":"Ludzas Rajons"}},"20":{"code":"20","name":{"en":"Madona Municipality","fr":"Madona Municipality"}},"21":{"code":"21","name":{"en":"Ogre","fr":"Ogres novads"}},"22":{"code":"22","name":{"en":"Preiļi Municipality","fr":"Preiļi Municipality"}},"23":{"code":"23","name":{"en":"Rēzekne","fr":"Rēzekne"}},"24":{"code":"24","name":{"en":"Rēzeknes Novads","fr":"Rēzeknes Novads"}},"25":{"code":"25","name":{"en":"Rīga","fr":"Rīga"}},"27":{"code":"27","name":{"en":"Saldus Municipality","fr":"Saldus Municipality"}},"28":{"code":"28","name":{"en":"Talsi Municipality","fr":"Talsi Municipality"}},"29":{"code":"29","name":{"en":"Tukuma Rajons","fr":"Tukuma Rajons"}},"30":{"code":"30","name":{"en":"Valka Municipality","fr":"Valka Municipality"}},"31":{"code":"31","name":{"en":"Valmiera District","fr":"Valmiera District"}},"32":{"code":"32","name":{"en":"Ventspils","fr":"Ventspils"}},"33":{"code":"33","name":{"en":"Ventspils Municipality","fr":"Ventspils Municipality"}},"34":{"code":"34","name":{"en":"Ādaži","fr":"Ādažu Novads"}},"35":{"code":"35","name":{"en":"Aglona","fr":"Aglonas Novads"}},"37":{"code":"37","name":{"en":"Aizpute","fr":"Aizputes Novads"}},"38":{"code":"38","name":{"en":"Aknīste","fr":"Aknīstes Novads"}},"40":{"code":"40","name":{"en":"Alsunga","fr":"Alsungas Novads"}},"44":{"code":"44","name":{"en":"Auces Novads","fr":"Auces Novads"}},"45":{"code":"45","name":{"en":"Babīte","fr":"Babītes Novads"}},"46":{"code":"46","name":{"en":"Baldone","fr":"Baldones Novads"}},"47":{"code":"47","name":{"en":"Baltinava","fr":"Baltinavas Novads"}},"51":{"code":"51","name":{"en":"Brocēni","fr":"Brocēnu Novads"}},"53":{"code":"53","name":{"en":"Carnikava","fr":"Carnikavas Novads"}},"55":{"code":"55","name":{"en":"Cesvaine","fr":"Cesvaines Novads"}},"56":{"code":"56","name":{"en":"Cibla","fr":"Ciblas Novads"}},"57":{"code":"57","name":{"en":"Dagda","fr":"Dagdas Novads"}},"60":{"code":"60","name":{"en":"Dundaga","fr":"Dundagas Novads"}},"61":{"code":"61","name":{"en":"Durbe","fr":"Durbes Novads"}},"62":{"code":"62","name":{"en":"Engure","fr":"Engures Novads"}},"64":{"code":"64","name":{"en":"Garkalne","fr":"Garkalne Municipality"}},"65":{"code":"65","name":{"en":"Grobiņa","fr":"Grobiņas Novads"}},"67":{"code":"67","name":{"en":"Lecava","fr":"Iecavas Novads"}},"68":{"code":"68","name":{"en":"Ikšķile","fr":"Ikšķiles Novads"}},"69":{"code":"69","name":{"en":"Ilūkste","fr":"Ilūkstes Novads"}},"70":{"code":"70","name":{"en":"Inčukalns","fr":"Inčukalna Novads"}},"71":{"code":"71","name":{"en":"Jaunjelgava","fr":"Jaunjelgavas Novads"}},"73":{"code":"73","name":{"en":"Jaunpils","fr":"Jaunpils Novads"}},"74":{"code":"74","name":{"en":"Jēkabpils","fr":"Jēkabpils"}},"77":{"code":"77","name":{"en":"Kandava","fr":"Kandavas Novads"}},"78":{"code":"78","name":{"en":"Karsava","fr":"Kārsavas Novads"}},"79":{"code":"79","name":{"en":"Ķegums","fr":"Ķeguma Novads"}},"80":{"code":"80","name":{"en":"Ķekava","fr":"Ķekavas Novads"}},"82":{"code":"82","name":{"en":"Koknese","fr":"Kokneses Novads"}},"84":{"code":"84","name":{"en":"Krimulda","fr":"Krimuldas Novads"}},"85":{"code":"85","name":{"en":"Krustpils","fr":"Krustpils Novads"}},"87":{"code":"87","name":{"en":"Lielvārde","fr":"Lielvārdes Novads"}},"88":{"code":"88","name":{"en":"Līgatne","fr":"Līgatnes Novads"}},"90":{"code":"90","name":{"en":"Līvāni","fr":"Līvānu Novads"}},"91":{"code":"91","name":{"en":"Lubāna","fr":"Lubānas Novads"}},"94":{"code":"94","name":{"en":"Mālpils","fr":"Mālpils Novads"}},"95":{"code":"95","name":{"en":"Mārupe","fr":"Mārupes Novads"}},"98":{"code":"98","name":{"en":"Nereta","fr":"Neretas Novads"}},"99":{"code":"99","name":{"en":"Nīca","fr":"Nīcas Novads"}},"09":{"code":"09","name":{"en":"Gulbenes Rajons","fr":"Gulbenes Rajons"}},"07":{"code":"07","name":{"en":"Daugavpils municipality","fr":"Municipalité de Daugavpils"}},"06":{"code":"06","name":{"en":"Daugavpils","fr":"Daugavpils"}},"05":{"code":"05","name":{"en":"Cēsu Novads","fr":"Cēsu Novads"}},"04":{"code":"04","name":{"en":"Bauskas Novads","fr":"Bauskas Novads"}},"03":{"code":"03","name":{"en":"Balvu Novads","fr":"Balvu Novads"}},"02":{"code":"02","name":{"en":"Alūksnes Rajons","fr":"Alūksnes Rajons"}},"01":{"code":"01","name":{"en":"Aizkraukles Rajons","fr":"Aizkraukles Rajons"}},"F1":{"code":"F1","name":{"en":"Mērsraga Novads","fr":"Mērsraga Novads"}},"A5":{"code":"A5","name":{"en":"Pāvilostas Novads","fr":"Pāvilostas Novads"}},"B6":{"code":"B6","name":{"en":"Rucavas Novads","fr":"Rucavas Novads"}},"A8":{"code":"A8","name":{"en":"Priekule","fr":"Priekules Novads"}},"D7":{"code":"D7","name":{"en":"Vaiņodes Novads","fr":"Vaiņodes Novads"}},"C9":{"code":"C9","name":{"en":"Skrundas Novads","fr":"Skrundas Novads"}},"B4":{"code":"B4","name":{"en":"Rojas Novads","fr":"Rojas Novads"}},"D5":{"code":"D5","name":{"en":"Tērvetes Novads","fr":"Tērvetes Novads"}},"A3":{"code":"A3","name":{"en":"Ozolnieku Novads","fr":"Ozolnieku Novads"}},"B9":{"code":"B9","name":{"en":"Rundāles Novads","fr":"Rundāles Novads"}},"A2":{"code":"A2","name":{"en":"Olaine","fr":"Olaines Novads"}},"C3":{"code":"C3","name":{"en":"Salaspils Novads","fr":"Salaspils Novads"}},"D2":{"code":"D2","name":{"en":"Stopiņu Novads","fr":"Stopiņu Novads"}},"E4":{"code":"E4","name":{"en":"Vecumnieku Novads","fr":"Vecumnieku Novads"}},"C8":{"code":"C8","name":{"en":"Skrīveru Novads","fr":"Skrīveru Novads"}},"E6":{"code":"E6","name":{"en":"Viesītes Novads","fr":"Viesītes Novads"}},"C2":{"code":"C2","name":{"en":"Salas Novads","fr":"Salas Novads"}},"E2":{"code":"E2","name":{"en":"Vārkavas Novads","fr":"Vārkavas Novads"}},"E1":{"code":"E1","name":{"en":"Varakļānu Novads","fr":"Varakļānu Novads"}},"E8":{"code":"E8","name":{"en":"Viļānu Novads","fr":"Viļānu Novads"}},"B3":{"code":"B3","name":{"en":"Riebiņu Novads","fr":"Riebiņu Novads"}},"E9":{"code":"E9","name":{"en":"Zilupes Novads","fr":"Zilupes Novads"}},"E7":{"code":"E7","name":{"en":"Viļakas Novads","fr":"Viļakas Novads"}},"B7":{"code":"B7","name":{"en":"Rugāju Novads","fr":"Rugāju Novads"}},"A6":{"code":"A6","name":{"en":"Pļaviņu Novads","fr":"Pļaviņu Novads"}},"B5":{"code":"B5","name":{"en":"Ropažu Novads","fr":"Ropažu Novads"}},"C7":{"code":"C7","name":{"en":"Siguldas Novads","fr":"Siguldas Novads"}},"C6":{"code":"C6","name":{"en":"Sējas Novads","fr":"Sējas Novads"}},"C5":{"code":"C5","name":{"en":"Saulkrastu Novads","fr":"Saulkrastu Novads"}}}