{"63":{"code":"63","name":{"en":"Sha‘bīyat al Jabal al Akhḑar","fr":"Sha‘bīyat al Jabal al Akhḑar"}},"64":{"code":"64","name":{"en":"Al Jufrah","fr":"Al Djoufrah"}},"65":{"code":"65","name":{"en":"Al Kufrah","fr":"Al-Koufrah"}},"66":{"code":"66","name":{"en":"Al Marj","fr":"Al Marj"}},"67":{"code":"67","name":{"en":"Sha‘bīyat an Nuqāţ al Khams","fr":"Sha‘bīyat an Nuqāţ al Khams"}},"68":{"code":"68","name":{"en":"Sha‘bīyat az Zāwiyah","fr":"Sha‘bīyat az Zāwiyah"}},"69":{"code":"69","name":{"en":"Sha‘bīyat Banghāzī","fr":"Sha‘bīyat Banghāzī"}},"70":{"code":"70","name":{"en":"Darnah","fr":"Darnah"}},"71":{"code":"71","name":{"en":"Sha‘bīyat Ghāt","fr":"Sha‘bīyat Ghāt"}},"72":{"code":"72","name":{"en":"Sha‘bīyat Mişrātah","fr":"Sha‘bīyat Mişrātah"}},"73":{"code":"73","name":{"en":"Murzuq","fr":"Murzuq"}},"74":{"code":"74","name":{"en":"Sha‘bīyat Nālūt","fr":"Sha‘bīyat Nālūt"}},"75":{"code":"75","name":{"en":"Sha‘bīyat Sabhā","fr":"Sha‘bīyat Sabhā"}},"76":{"code":"76","name":{"en":"Surt","fr":"Surt"}},"77":{"code":"77","name":{"en":"Tripoli","fr":"District de Tripoli"}},"78":{"code":"78","name":{"en":"Sha‘bīyat Wādī ash Shāţi’","fr":"Sha‘bīyat Wādī ash Shāţi’"}},"79":{"code":"79","name":{"en":"Sha‘bīyat al Buţnān","fr":"Sha‘bīyat al Buţnān"}},"80":{"code":"80","name":{"en":"Jabal al Gharbi District","fr":"Jabal al Gharbi District"}},"81":{"code":"81","name":{"en":"Sha‘bīyat al Jafārah","fr":"Sha‘bīyat al Jafārah"}},"82":{"code":"82","name":{"en":"Al Marqab","fr":"Al Marqab"}},"83":{"code":"83","name":{"en":"Sha‘bīyat al Wāḩāt","fr":"Sha‘bīyat al Wāḩāt"}},"84":{"code":"84","name":{"en":"Sha‘bīyat Wādī al Ḩayāt","fr":"Sha‘bīyat Wādī al Ḩayāt"}}}