{"45":{"code":"45","name":{"en":"Région du Grand Casablanca","fr":"Région du Grand Casablanca"}},"46":{"code":"46","name":{"en":"Région de Fès-Boulemane","fr":"Région de Fès-Boulemane"}},"47":{"code":"47","name":{"en":"Marrakech-Tensift-Al Haouz","fr":"Marrakech-Tensift-Al Haouz"}},"48":{"code":"48","name":{"en":"Région de Meknès-Tafilalet","fr":"Région de Meknès-Tafilalet"}},"49":{"code":"49","name":{"en":"Région de Rabat-Salé-Zemmour-Zaër","fr":"Rabat-Salé-Zemmour-Zaër"}},"50":{"code":"50","name":{"en":"Chaouia-Ouardigha","fr":"Chaouia-Ouardigha"}},"51":{"code":"51","name":{"en":"Doukkala-Abda","fr":"Doukkala-Abda"}},"52":{"code":"52","name":{"en":"Gharb-Chrarda-Beni Hssen","fr":"Gharb-Chrarda-Beni Hssen"}},"53":{"code":"53","name":{"en":"Guelmim-Es Semara","fr":"Guelmim-Es Semara"}},"54":{"code":"54","name":{"en":"Oriental","fr":"Oriental Region"}},"55":{"code":"55","name":{"en":"Région de Souss-Massa-Drâa","fr":"Région de Souss-Massa-Drâa"}},"56":{"code":"56","name":{"en":"Tadla-Azilal","fr":"Tadla-Azilal"}},"57":{"code":"57","name":{"en":"Région de Tanger-Tétouan","fr":"Région de Tanger-Tétouan"}},"58":{"code":"58","name":{"en":"Taza-Al Hoceima-Taounate","fr":"Taza-Al Hoceima-Taounate"}},"59":{"code":"59","name":{"en":"Laâyoune-Boujdour-Sakia El Hamra","fr":"Laâyoune-Boujdour-Sakia El Hamra"}},"EH":{"code":"EH","name":{"en":"Dakhla-Oued Ed-Dahab","fr":"Dakhla-Oued Ed-Dahab"}}}