{"51":{"code":"51","name":{"en":"Găgăuzia","fr":"Găgăuzia"}},"57":{"code":"57","name":{"en":"Municipiul Chişinău","fr":"Municipiul Chişinău"}},"58":{"code":"58","name":{"en":"Unitatea Teritorială din Stînga Nistrului","fr":"Unitatea Teritorială din Stînga Nistrului"}},"59":{"code":"59","name":{"en":"Anenii Noi","fr":"Raion dAnenii Noi"}},"60":{"code":"60","name":{"en":"Municipiul Bălţi","fr":"Municipiul Bălţi"}},"61":{"code":"61","name":{"en":"Basarabeasca","fr":"Raion de Basarabeasca"}},"62":{"code":"62","name":{"en":"Municipiul Bender","fr":"Municipiul Bender"}},"63":{"code":"63","name":{"en":"Briceni","fr":"Raion de Briceni"}},"64":{"code":"64","name":{"en":"Cahul","fr":"Raion de Cahul"}},"65":{"code":"65","name":{"en":"Cantemir","fr":"Raion de Cantemir"}},"66":{"code":"66","name":{"en":"Raionul Călăraşi","fr":"Raionul Călăraşi"}},"67":{"code":"67","name":{"en":"Raionul Căuşeni","fr":"Raionul Căuşeni"}},"68":{"code":"68","name":{"en":"Cimişlia","fr":"Raion de Cimișlia"}},"69":{"code":"69","name":{"en":"Criuleni","fr":"Raion de Criuleni"}},"70":{"code":"70","name":{"en":"Donduşeni","fr":"Raion de Dondușeni"}},"71":{"code":"71","name":{"en":"Drochia","fr":"Raion de Drochia"}},"72":{"code":"72","name":{"en":"Raionul Dubăsari","fr":"Raionul Dubăsari"}},"73":{"code":"73","name":{"en":"Raionul Edineţ","fr":"Raion de Edineţ"}},"74":{"code":"74","name":{"en":"Făleşti","fr":"Raion de Falești"}},"75":{"code":"75","name":{"en":"Floreşti","fr":"Raion de Florești"}},"76":{"code":"76","name":{"en":"Glodeni","fr":"Raion de Glodeni"}},"77":{"code":"77","name":{"en":"Hînceşti","fr":"Raion de Hîncești"}},"78":{"code":"78","name":{"en":"Laloveni","fr":"Raion de Ialoveni"}},"79":{"code":"79","name":{"en":"Leova","fr":"Raion de Leova"}},"80":{"code":"80","name":{"en":"Nisporeni","fr":"Raion de Nisporeni"}},"81":{"code":"81","name":{"en":"Raionul Ocniţa","fr":"Raion de Ocniţa"}},"82":{"code":"82","name":{"en":"Orhei","fr":"Raion dOrhei"}},"83":{"code":"83","name":{"en":"Rezina","fr":"Raion de Rezina"}},"84":{"code":"84","name":{"en":"Rîşcani","fr":"Raion de Rîșcani"}},"85":{"code":"85","name":{"en":"Sîngerei","fr":"Raion de Sîngerei"}},"86":{"code":"86","name":{"en":"Şoldăneşti","fr":"Raion de Șoldănești"}},"87":{"code":"87","name":{"en":"Raionul Soroca","fr":"Raion de Soroca"}},"88":{"code":"88","name":{"en":"Raionul Ştefan Vodă","fr":"Raionul Ştefan Vodă"}},"89":{"code":"89","name":{"en":"Strășeni","fr":"Raion de Strășeni"}},"90":{"code":"90","name":{"en":"Taraclia","fr":"Raion de Taraclia"}},"91":{"code":"91","name":{"en":"Teleneşti","fr":"Raion de Telenești"}},"92":{"code":"92","name":{"en":"Ungheni","fr":"Raion dUngheni"}}}