{"10":{"code":"10","name":{"en":"Kotor","fr":"Kotor"}},"11":{"code":"11","name":{"en":"Mojkovac","fr":"Mojkovac"}},"12":{"code":"12","name":{"en":"Opština Nikšić","fr":"Opština Nikšić"}},"13":{"code":"13","name":{"en":"Opština Plav","fr":"Opština Plav"}},"14":{"code":"14","name":{"en":"Pljevlja","fr":"Pljevlja"}},"15":{"code":"15","name":{"en":"Opština Plužine","fr":"Opština Plužine"}},"16":{"code":"16","name":{"en":"Podgorica","fr":"Podgorica"}},"17":{"code":"17","name":{"en":"Opština Rožaje","fr":"Opština Rožaje"}},"18":{"code":"18","name":{"en":"Opština Šavnik","fr":"Opština Šavnik"}},"19":{"code":"19","name":{"en":"Tivat","fr":"Tivat"}},"20":{"code":"20","name":{"en":"Ulcinj","fr":"Ulcinj"}},"21":{"code":"21","name":{"en":"Opština Žabljak","fr":"Opština Žabljak"}},"01":{"code":"01","name":{"en":"Andrijevica","fr":"Andrijevica"}},"09":{"code":"09","name":{"en":"Opština Kolašin","fr":"Opština Kolašin"}},"03":{"code":"03","name":{"en":"Berane","fr":"Berane"}},"08":{"code":"08","name":{"en":"Herceg Novi","fr":"Herceg Novi"}},"07":{"code":"07","name":{"en":"Danilovgrad","fr":"Danilovgrad"}},"06":{"code":"06","name":{"en":"Cetinje","fr":"Cetinje"}},"05":{"code":"05","name":{"en":"Budva","fr":"Budva"}},"04":{"code":"04","name":{"en":"Bijelo Polje","fr":"Bijelo Polje"}},"02":{"code":"02","name":{"en":"Bar","fr":"Bar"}}}