{"7670842":{"code":"7670842","name":{"en":"Diana Region","fr":"Diana Region"}},"7670846":{"code":"7670846","name":{"en":"Sava Region","fr":"Sava Region"}},"7670847":{"code":"7670847","name":{"en":"Sofia Region","fr":"Sofia Region"}},"7670848":{"code":"7670848","name":{"en":"Analanjirofo Region","fr":"Analanjirofo Region"}},"7670849":{"code":"7670849","name":{"en":"Boeny Region","fr":"Boeny Region"}},"7670850":{"code":"7670850","name":{"en":"Betsiboka Region","fr":"Betsiboka Region"}},"7670851":{"code":"7670851","name":{"en":"Alaotra Mangoro Region","fr":"Alaotra Mangoro Region"}},"7670852":{"code":"7670852","name":{"en":"Melaky Region","fr":"Melaky Region"}},"7670853":{"code":"7670853","name":{"en":"Bongolava Region","fr":"Bongolava Region"}},"7670854":{"code":"7670854","name":{"en":"Vakinankaratra Region","fr":"Vakinankaratra Region"}},"7670855":{"code":"7670855","name":{"en":"Itasy Region","fr":"Itasy Region"}},"7670856":{"code":"7670856","name":{"en":"Analamanga Region","fr":"Analamanga Region"}},"7670857":{"code":"7670857","name":{"en":"Atsinanana Region","fr":"Atsinanana Region"}},"7670902":{"code":"7670902","name":{"en":"Menabe Region","fr":"Menabe Region"}},"7670904":{"code":"7670904","name":{"en":"Amoron'i Mania Region","fr":"Amoron'i Mania Region"}},"7670905":{"code":"7670905","name":{"en":"Upper Matsiatra","fr":"Haute Matsiatra Region"}},"7670906":{"code":"7670906","name":{"en":"Vatovavy Fitovinany Region","fr":"Vatovavy Fitovinany Region"}},"7670907":{"code":"7670907","name":{"en":"Ihorombe Region","fr":"Ihorombe Region"}},"7670908":{"code":"7670908","name":{"en":"Atsimo-Atsinanana","fr":"Atsimo-Atsinanana Region"}},"7670910":{"code":"7670910","name":{"en":"Anosy Region","fr":"Anosy Region"}},"7670911":{"code":"7670911","name":{"en":"Androy Region","fr":"Androy Region"}},"7670913":{"code":"7670913","name":{"en":"Atsimo-Andrefana Region","fr":"Atsimo-Andrefana Region"}}}