{"100":{"code":"100","name":{"en":"Erikub Atoll","fr":"Erikub Atoll"}},"110":{"code":"110","name":{"en":"Jabat Island","fr":"Jabat Island"}},"120":{"code":"120","name":{"en":"Jaluit Atoll","fr":"Jaluit Atoll"}},"130":{"code":"130","name":{"en":"Jemo Island","fr":"Jemo Island"}},"140":{"code":"140","name":{"en":"Kili Island","fr":"Kili Island"}},"150":{"code":"150","name":{"en":"Kwajalein Atoll","fr":"Kwajalein Atoll"}},"160":{"code":"160","name":{"en":"Lae Atoll","fr":"Lae Atoll"}},"170":{"code":"170","name":{"en":"Lib Island","fr":"Lib Island"}},"180":{"code":"180","name":{"en":"Likiep Atoll","fr":"Likiep Atoll"}},"190":{"code":"190","name":{"en":"Majuro Atoll","fr":"Majuro Atoll"}},"300":{"code":"300","name":{"en":"Maloelap Atoll","fr":"Maloelap Atoll"}},"310":{"code":"310","name":{"en":"Mejit Island","fr":"Mejit Island"}},"320":{"code":"320","name":{"en":"Mili Atoll","fr":"Mili Atoll"}},"330":{"code":"330","name":{"en":"Namdrik Atoll","fr":"Namdrik Atoll"}},"340":{"code":"340","name":{"en":"Namu Atoll","fr":"Namu Atoll"}},"350":{"code":"350","name":{"en":"Rongelap Atoll","fr":"Rongelap Atoll"}},"360":{"code":"360","name":{"en":"Rongrik Atoll","fr":"Rongrik Atoll"}},"385":{"code":"385","name":{"en":"Taka Atoll","fr":"Taka Atoll"}},"390":{"code":"390","name":{"en":"Ujae Atoll","fr":"Ujae Atoll"}},"400":{"code":"400","name":{"en":"Ujelang Atoll","fr":"Ujelang Atoll"}},"410":{"code":"410","name":{"en":"Utrik Atoll","fr":"Utrik Atoll"}},"420":{"code":"420","name":{"en":"Wotho Atoll","fr":"Wotho Atoll"}},"430":{"code":"430","name":{"en":"Wotje Atoll","fr":"Wotje Atoll"}},"010":{"code":"010","name":{"en":"Ailinglaplap Atoll","fr":"Ailinglaplap Atoll"}},"030":{"code":"030","name":{"en":"Ailuk Atoll","fr":"Ailuk Atoll"}},"040":{"code":"040","name":{"en":"Arno Atoll","fr":"Arno Atoll"}},"050":{"code":"050","name":{"en":"Aur Atoll","fr":"Aur Atoll"}},"070":{"code":"070","name":{"en":"Bikini Atoll","fr":"Bikini Atoll"}},"080":{"code":"080","name":{"en":"Ebon Atoll","fr":"Ebon Atoll"}},"090":{"code":"090","name":{"en":"Enewetak Atoll","fr":"Enewetak Atoll"}},"007":{"code":"007","name":{"en":"Ailinginae Atoll","fr":"Ailinginae Atoll"}},"060":{"code":"060","name":{"en":"Bikar Atoll","fr":"Bikar Atoll"}},"073":{"code":"073","name":{"en":"Bokak Atoll","fr":"Bokak Atoll"}}}