{"11":{"code":"11","name":{"en":"Bosilovo","fr":"Bosilovo"}},"12":{"code":"12","name":{"en":"Brvenica","fr":"Brvenitsa"}},"18":{"code":"18","name":{"en":"Opština Centar Župa","fr":"Opština Centar Župa"}},"19":{"code":"19","name":{"en":"Češinovo-Obleševo","fr":"Tchéchinovo-Obléchévo"}},"20":{"code":"20","name":{"en":"Opština Čučer-Sandevo","fr":"Opština Čučer-Sandevo"}},"22":{"code":"22","name":{"en":"Opština Delčevo","fr":"Opština Delčevo"}},"25":{"code":"25","name":{"en":"Demir Kapija","fr":"Demir Kapija"}},"28":{"code":"28","name":{"en":"Dolneni Municipality","fr":"Dolneni"}},"29":{"code":"29","name":{"en":"Opstina Gjorce Petrov","fr":"Opstina Gjorce Petrov"}},"30":{"code":"30","name":{"en":"Drugovo","fr":"Drugovo"}},"32":{"code":"32","name":{"en":"Gazi Baba","fr":"Gazi Baba"}},"33":{"code":"33","name":{"en":"Gevgelija","fr":"Gevgelija"}},"35":{"code":"35","name":{"en":"Gradsko","fr":"Gradsko"}},"36":{"code":"36","name":{"en":"Ilinden","fr":"Ilinden"}},"40":{"code":"40","name":{"en":"Karbinci","fr":"Karbintsi"}},"41":{"code":"41","name":{"en":"Opština Karpoš","fr":"Opština Karpoš"}},"43":{"code":"43","name":{"en":"Opština Kičevo","fr":"Opština Kičevo"}},"44":{"code":"44","name":{"en":"Kisela Voda","fr":"Kisela Voda"}},"46":{"code":"46","name":{"en":"Opština Kočani","fr":"Opština Kočani"}},"47":{"code":"47","name":{"en":"Opština Konče","fr":"Opština Konče"}},"51":{"code":"51","name":{"en":"Kratovo","fr":"Kratovo"}},"52":{"code":"52","name":{"en":"Kriva Palanka","fr":"Kriva Palanka"}},"53":{"code":"53","name":{"en":"Opština Krivogaštani","fr":"Opština Krivogaštani"}},"54":{"code":"54","name":{"en":"Opština Kruševo","fr":"Opština Kruševo"}},"59":{"code":"59","name":{"en":"Opstina Lipkovo","fr":"Opština Lipkovo"}},"60":{"code":"60","name":{"en":"Lozovo","fr":"Lozovo"}},"62":{"code":"62","name":{"en":"Makedonska Kamenica","fr":"Makedonska Kamenitsa"}},"69":{"code":"69","name":{"en":"Negotino","fr":"Negotino"}},"72":{"code":"72","name":{"en":"Novo Selo","fr":"Novo Selo"}},"77":{"code":"77","name":{"en":"Oslomej","fr":"Oslomeï"}},"78":{"code":"78","name":{"en":"Opština Pehčevo","fr":"Opština Pehčevo"}},"79":{"code":"79","name":{"en":"Petrovec","fr":"Petrovec"}},"80":{"code":"80","name":{"en":"Plasnica","fr":"Plasnitsa"}},"83":{"code":"83","name":{"en":"Opština Probištip","fr":"Opština Probištip"}},"84":{"code":"84","name":{"en":"Opština Radoviš","fr":"Opština Radoviš"}},"85":{"code":"85","name":{"en":"Opstina Rankovce","fr":"Opština Rankovce"}},"86":{"code":"86","name":{"en":"Resen Municipality","fr":"Resen"}},"87":{"code":"87","name":{"en":"Rosoman","fr":"Rosoman"}},"90":{"code":"90","name":{"en":"Saraj Municipality","fr":"Saraï"}},"92":{"code":"92","name":{"en":"Opština Sopište","fr":"Opština Sopište"}},"97":{"code":"97","name":{"en":"Opština Staro Nagoričane","fr":"Opština Staro Nagoričane"}},"98":{"code":"98","name":{"en":"Opština Štip","fr":"Opština Štip"}},"A9":{"code":"A9","name":{"en":"Vasilevo","fr":"Vasilevo"}},"E5":{"code":"E5","name":{"en":"Opština Dojran","fr":"Opština Dojran"}},"08":{"code":"08","name":{"en":"Bogdanci","fr":"Bogdanci"}},"C6":{"code":"C6","name":{"en":"Zrnovci","fr":"Zrnovtsi"}},"E1":{"code":"E1","name":{"en":"Novaci","fr":"Novaci"}},"04":{"code":"04","name":{"en":"Berovo","fr":"Berovo"}},"06":{"code":"06","name":{"en":"Bitola","fr":"Bitola"}},"D9":{"code":"D9","name":{"en":"Mogila","fr":"Mogila"}},"01":{"code":"01","name":{"en":"Opština Aračinovo","fr":"Opština Aračinovo"}},"C7":{"code":"C7","name":{"en":"Bogovinje","fr":"Bogovinyé"}},"C8":{"code":"C8","name":{"en":"Čair","fr":"Tchaïr"}},"C9":{"code":"C9","name":{"en":"Čaška Municipality","fr":"Tchachka"}},"D1":{"code":"D1","name":{"en":"Opština Centar","fr":"Opština Centar"}},"D2":{"code":"D2","name":{"en":"Debar","fr":"Debar"}},"D3":{"code":"D3","name":{"en":"Demir Hisar","fr":"Demir Hisar"}},"D4":{"code":"D4","name":{"en":"Gostivar","fr":"Gostivar"}},"D5":{"code":"D5","name":{"en":"Jegunovce","fr":"Yégounovtsé"}},"D6":{"code":"D6","name":{"en":"Kavadarci","fr":"Kavadarci"}},"D7":{"code":"D7","name":{"en":"Kumanovo","fr":"Kumanovo"}},"D8":{"code":"D8","name":{"en":"Makedonski Brod","fr":"Makedonski Brod"}},"E2":{"code":"E2","name":{"en":"Ohrid","fr":"Ohrid"}},"E3":{"code":"E3","name":{"en":"Prilep","fr":"Prilep"}},"E4":{"code":"E4","name":{"en":"Mavrovo and Rostuša Municipality","fr":"Mavrovo et Rostoucha"}},"E6":{"code":"E6","name":{"en":"Struga","fr":"Struga"}},"E7":{"code":"E7","name":{"en":"Strumica","fr":"Strumica"}},"A2":{"code":"A2","name":{"en":"Opština Studeničani","fr":"Opština Studeničani"}},"A3":{"code":"A3","name":{"en":"Šuto Orizari","fr":"Chouto Orizari"}},"A4":{"code":"A4","name":{"en":"Sveti Nikole Municipality","fr":"Sveti Nikolé"}},"A5":{"code":"A5","name":{"en":"Tearce","fr":"Téartsé"}},"E8":{"code":"E8","name":{"en":"Tetovo","fr":"Tetovo"}},"F1":{"code":"F1","name":{"en":"Veles","fr":"Veles"}},"B3":{"code":"B3","name":{"en":"Opština Vevčani","fr":"Opština Vevčani"}},"B4":{"code":"B4","name":{"en":"Vinica","fr":"Vinica"}},"B6":{"code":"B6","name":{"en":"Opština Vraneštica","fr":"Opština Vraneštica"}},"B7":{"code":"B7","name":{"en":"Opština Vrapčište","fr":"Opština Vrapčište"}},"C1":{"code":"C1","name":{"en":"Zajas","fr":"Zaïas"}},"C2":{"code":"C2","name":{"en":"Zelenikovo","fr":"Zelenikovo"}},"C3":{"code":"C3","name":{"en":"Opština Želino","fr":"Opština Želino"}},"E9":{"code":"E9","name":{"en":"Valandovo Municipality","fr":"Valandovo"}},"F3":{"code":"F3","name":{"en":"Aerodrom","fr":"Aerodrom"}},"F4":{"code":"F4","name":{"en":"Butel Municipality","fr":"Boutel"}},"F5":{"code":"F5","name":{"en":"Debarca Municipality","fr":"Debartsa"}}}