{"10":{"code":"10","name":{"en":"Kidal","fr":"Kidal Region"}},"09":{"code":"09","name":{"en":"Gao","fr":"Gao Region"}},"01":{"code":"01","name":{"en":"Bamako Region","fr":"District de Bamako"}},"04":{"code":"04","name":{"en":"Mopti","fr":"Mopti Region"}},"03":{"code":"03","name":{"en":"Kayes","fr":"Kayes Region"}},"06":{"code":"06","name":{"en":"Sikasso","fr":"Sikasso Region"}},"05":{"code":"05","name":{"en":"Ségou","fr":"Ségou Region"}},"07":{"code":"07","name":{"en":"Koulikoro","fr":"Koulikoro Region"}},"08":{"code":"08","name":{"en":"Tombouctou","fr":"Tombouctou Region"}}}