{"10":{"code":"10","name":{"en":"Sagaing Region","fr":"Sagaing Region"}},"11":{"code":"11","name":{"en":"Shan State","fr":"Shan State"}},"12":{"code":"12","name":{"en":"Taninthayi Region","fr":"Taninthayi Region"}},"13":{"code":"13","name":{"en":"Mon State","fr":"Mon State"}},"15":{"code":"15","name":{"en":"Magway Region","fr":"Magway Region"}},"16":{"code":"16","name":{"en":"Bago Region","fr":"Bago Region"}},"17":{"code":"17","name":{"en":"Yangon Region","fr":"Yangon Region"}},"18":{"code":"18","name":{"en":"Nay Pyi Taw","fr":"Nay Pyi Taw"}},"04":{"code":"04","name":{"en":"Kachin State","fr":"Kachin State"}},"05":{"code":"05","name":{"en":"Kayin State","fr":"Kayin State"}},"01":{"code":"01","name":{"en":"Rakhine State","fr":"Rakhine State"}},"08":{"code":"08","name":{"en":"Mandalay Region","fr":"Mandalay Region"}},"03":{"code":"03","name":{"en":"Ayeyawady Region","fr":"Ayeyawady Region"}},"02":{"code":"02","name":{"en":"Chin State","fr":"Chin State"}},"06":{"code":"06","name":{"en":"Kayah State","fr":"Kayah State"}}}