{"10":{"code":"10","name":{"en":"Govĭ-Altay Aymag","fr":"Govĭ-Altay Aymag"}},"11":{"code":"11","name":{"en":"Hentiy Aymag","fr":"Hentiy Aymag"}},"12":{"code":"12","name":{"en":"Hovd","fr":"Hovd"}},"13":{"code":"13","name":{"en":"Hövsgöl Aymag","fr":"Hövsgöl Aymag"}},"14":{"code":"14","name":{"en":"Ömnögovĭ","fr":"Ömnögovi Province"}},"15":{"code":"15","name":{"en":"Övörhangay","fr":"Övörhangay Aymag"}},"16":{"code":"16","name":{"en":"Selenge Aymag","fr":"Selenge Aymag"}},"17":{"code":"17","name":{"en":"Sühbaatar Aymag","fr":"Sühbaatar Aymag"}},"18":{"code":"18","name":{"en":"Central Aymag","fr":"Töv Aymag"}},"19":{"code":"19","name":{"en":"Uvs Aymag","fr":"Uvs Aymag"}},"20":{"code":"20","name":{"en":"Ulaanbaatar Hot","fr":"Ulaanbaatar Hot"}},"21":{"code":"21","name":{"en":"Bulgan","fr":"Bulgan"}},"23":{"code":"23","name":{"en":"Darhan-Uul Aymag","fr":"Darhan-Uul Aymag"}},"24":{"code":"24","name":{"en":"Govĭ-Sumber","fr":"Govĭ-Sumber"}},"25":{"code":"25","name":{"en":"Orhon Aymag","fr":"Orhon Aymag"}},"08":{"code":"08","name":{"en":"Middle Govĭ","fr":"Dundgovĭ Aymag"}},"07":{"code":"07","name":{"en":"East Govĭ","fr":"Dornogovĭ Aymag"}},"06":{"code":"06","name":{"en":"East Aimak","fr":"Dornod Aymag"}},"01":{"code":"01","name":{"en":"Arhangay Aymag","fr":"Arhangay Aymag"}},"09":{"code":"09","name":{"en":"Dzavhan Aymag","fr":"Dzavhan Aymag"}},"03":{"code":"03","name":{"en":"Bayan-Ölgiy Aymag","fr":"Bayan-Ölgiy Aymag"}},"02":{"code":"02","name":{"en":"Bayanhongor Aymag","fr":"Bayanhongor Aymag"}}}