{"10":{"code":"10","name":{"en":"Guidimaka","fr":"Wilaya du Guidimakha"}},"11":{"code":"11","name":{"en":"Tiris Zemmour","fr":"Wilaya de Tiris Zemmour"}},"12":{"code":"12","name":{"en":"Inchiri","fr":"Région de l’Inchiri"}},"07":{"code":"07","name":{"en":"Adrar","fr":"Région de l’Adrar"}},"01":{"code":"01","name":{"en":"Hodh ech Chargui","fr":"Région du Hodh Ech Chargui"}},"06":{"code":"06","name":{"en":"Wilaya du Trarza","fr":"Région du Trarza"}},"09":{"code":"09","name":{"en":"Tagant","fr":"Wilaya du Tagant"}},"02":{"code":"02","name":{"en":"Hodh El Gharbi","fr":"Région du Hodh El Gharbi"}},"04":{"code":"04","name":{"en":"Gorgol","fr":"Wilaya du Gorgol"}},"08":{"code":"08","name":{"en":"Dakhlet Nouadhibou","fr":"Dakhlet Nouadhibou"}},"05":{"code":"05","name":{"en":"Brakna","fr":"Région du Brakna"}},"03":{"code":"03","name":{"en":"Assaba","fr":"Wilaya de l’Assaba"}},"NKC":{"code":"NKC","name":{"en":"District de Nouakchott","fr":"District de Nouakchott"}}}