{"10":{"code":"10","name":{"en":"Il-Fontana","fr":"Il-Fontana"}},"11":{"code":"11","name":{"en":"Għajnsielem","fr":"Għajnsielem"}},"12":{"code":"12","name":{"en":"L-Għarb","fr":"L-Għarb"}},"13":{"code":"13","name":{"en":"Ħal Għargħur","fr":"Ħal Għargħur"}},"14":{"code":"14","name":{"en":"L-Għasri","fr":"L-Għasri"}},"15":{"code":"15","name":{"en":"Ħal Għaxaq","fr":"Ħal Għaxaq"}},"16":{"code":"16","name":{"en":"Il-Gudja","fr":"Il-Gudja"}},"17":{"code":"17","name":{"en":"Il-Gżira","fr":"Il-Gżira"}},"18":{"code":"18","name":{"en":"Il-Ħamrun","fr":"Il-Ħamrun"}},"19":{"code":"19","name":{"en":"L-Iklin","fr":"L-Iklin"}},"20":{"code":"20","name":{"en":"L-Imdina","fr":"L-Imdina"}},"21":{"code":"21","name":{"en":"L-Imġarr","fr":"L-Imġarr"}},"22":{"code":"22","name":{"en":"L-Imqabba","fr":"L-Imqabba"}},"23":{"code":"23","name":{"en":"L-Imsida","fr":"L-Imsida"}},"24":{"code":"24","name":{"en":"L-Imtarfa","fr":"L-Imtarfa"}},"25":{"code":"25","name":{"en":"L-Isla","fr":"L-Isla"}},"26":{"code":"26","name":{"en":"Il-Kalkara","fr":"Il-Kalkara"}},"27":{"code":"27","name":{"en":"Ta’ Kerċem","fr":"Ta’ Kerċem"}},"28":{"code":"28","name":{"en":"Kirkop","fr":"Kirkop"}},"29":{"code":"29","name":{"en":"Lija","fr":"Lija"}},"30":{"code":"30","name":{"en":"Luqa","fr":"Luqa"}},"31":{"code":"31","name":{"en":"Il-Marsa","fr":"Il-Marsa"}},"32":{"code":"32","name":{"en":"Marsaskala","fr":"Marsaskala"}},"33":{"code":"33","name":{"en":"Marsaxlokk","fr":"Marsaxlokk"}},"34":{"code":"34","name":{"en":"Il-Mellieħa","fr":"Il-Mellieħa"}},"35":{"code":"35","name":{"en":"Il-Mosta","fr":"Il-Mosta"}},"36":{"code":"36","name":{"en":"Il-Munxar","fr":"Il-Munxar"}},"37":{"code":"37","name":{"en":"In-Nadur","fr":"In-Nadur"}},"38":{"code":"38","name":{"en":"In-Naxxar","fr":"In-Naxxar"}},"39":{"code":"39","name":{"en":"Paola","fr":"Paola"}},"40":{"code":"40","name":{"en":"Pembroke","fr":"Pembroke"}},"41":{"code":"41","name":{"en":"Tal-Pietà","fr":"Tal-Pietà"}},"42":{"code":"42","name":{"en":"Il-Qala","fr":"Il-Qala"}},"43":{"code":"43","name":{"en":"Qormi","fr":"Qormi"}},"44":{"code":"44","name":{"en":"Il-Qrendi","fr":"Il-Qrendi"}},"45":{"code":"45","name":{"en":"Ir-Rabat","fr":"Ir-Rabat"}},"46":{"code":"46","name":{"en":"Victoria","fr":"Victoria"}},"47":{"code":"47","name":{"en":"Safi","fr":"Safi"}},"48":{"code":"48","name":{"en":"Saint John","fr":"Saint John"}},"49":{"code":"49","name":{"en":"Saint Julian","fr":"Saint Julian's"}},"50":{"code":"50","name":{"en":"Saint Lawrence","fr":"Saint Lawrence"}},"51":{"code":"51","name":{"en":"Saint Lucia","fr":"Saint Lucia"}},"52":{"code":"52","name":{"en":"Saint Paul’s Bay","fr":"Saint Paul’s Bay"}},"53":{"code":"53","name":{"en":"Saint Venera","fr":"Saint Venera"}},"54":{"code":"54","name":{"en":"Sannat","fr":"Sannat"}},"55":{"code":"55","name":{"en":"Is-Siġġiewi","fr":"Is-Siġġiewi"}},"56":{"code":"56","name":{"en":"Tas-Sliema","fr":"Tas-Sliema"}},"57":{"code":"57","name":{"en":"Is-Swieqi","fr":"Is-Swieqi"}},"58":{"code":"58","name":{"en":"Tarxien","fr":"Tarxien"}},"59":{"code":"59","name":{"en":"Ta’ Xbiex","fr":"Ta’ Xbiex"}},"60":{"code":"60","name":{"en":"Il-Belt Valletta","fr":"Il-Belt Valletta"}},"61":{"code":"61","name":{"en":"Ix-Xagħra","fr":"Ix-Xagħra"}},"62":{"code":"62","name":{"en":"Ix-Xewkija","fr":"Ix-Xewkija"}},"63":{"code":"63","name":{"en":"Ix-Xgħajra","fr":"Ix-Xgħajra"}},"64":{"code":"64","name":{"en":"Ħaż-Żabbar","fr":"Ħaż-Żabbar"}},"65":{"code":"65","name":{"en":"Ħaż-Żebbuġ","fr":"Ħaż-Żebbuġ"}},"66":{"code":"66","name":{"en":"Iż-Żebbuġ","fr":"Iż-Żebbuġ"}},"67":{"code":"67","name":{"en":"Iż-Żejtun","fr":"Iż-Żejtun"}},"68":{"code":"68","name":{"en":"Iż-Żurrieq","fr":"Iż-Żurrieq"}},"01":{"code":"01","name":{"en":"Attard","fr":"Attard"}},"02":{"code":"02","name":{"en":"Balzan","fr":"Ħal Balzan"}},"03":{"code":"03","name":{"en":"Il-Birgu","fr":"Il-Birgu"}},"04":{"code":"04","name":{"en":"Birkirkara","fr":"Birkirkara"}},"05":{"code":"05","name":{"en":"Birżebbuġa","fr":"Birżebbuġa"}},"06":{"code":"06","name":{"en":"Bormla","fr":"Bormla"}},"07":{"code":"07","name":{"en":"Dingli","fr":"Dingli"}},"08":{"code":"08","name":{"en":"Il-Fgura","fr":"Il-Fgura"}},"09":{"code":"09","name":{"en":"Il-Furjana","fr":"Il-Furjana"}}}