{"12":{"code":"12","name":{"en":"Black River District","fr":"Black River District"}},"13":{"code":"13","name":{"en":"Flacq District","fr":"Flacq District"}},"14":{"code":"14","name":{"en":"Grand Port District","fr":"Grand Port District"}},"15":{"code":"15","name":{"en":"Moka District","fr":"Moka District"}},"16":{"code":"16","name":{"en":"Pamplemousses District","fr":"Pamplemousses District"}},"17":{"code":"17","name":{"en":"Plaines Wilhems District","fr":"Plaines Wilhems District"}},"18":{"code":"18","name":{"en":"Port Louis District","fr":"Port Louis District"}},"19":{"code":"19","name":{"en":"Rivière du Rempart District","fr":"Rivière du Rempart District"}},"20":{"code":"20","name":{"en":"Savanne District","fr":"Savanne District"}},"21":{"code":"21","name":{"en":"Agalega Islands","fr":"îles Agaléga"}},"22":{"code":"22","name":{"en":"Cargados Carajos","fr":"Écueils des Cargados Carajos"}},"23":{"code":"23","name":{"en":"Rodrigues","fr":"Rodrigues"}}}