{"30":{"code":"30","name":{"en":"Northern Ari Atoll","fr":"Alifu Atholhu"}},"31":{"code":"31","name":{"en":"Baa Atholhu","fr":"Baa Atholhu"}},"32":{"code":"32","name":{"en":"Dhaalu Atholhu","fr":"Dhaalu Atholhu"}},"33":{"code":"33","name":{"en":"Faafu Atholhu","fr":"Faafu Atholhu"}},"34":{"code":"34","name":{"en":"Gaafu Alifu Atholhu","fr":"Gaafu Alifu Atholhu"}},"35":{"code":"35","name":{"en":"Gaafu Dhaalu Atholhu","fr":"Gaafu Dhaalu Atholhu"}},"36":{"code":"36","name":{"en":"Haa Alifu Atholhu","fr":"Haa Alifu Atholhu"}},"37":{"code":"37","name":{"en":"Haa Dhaalu Atholhu","fr":"Haa Dhaalu Atholhu"}},"38":{"code":"38","name":{"en":"Kaafu Atoll","fr":"Kaafu Atoll"}},"39":{"code":"39","name":{"en":"Lhaviyani Atholhu","fr":"Lhaviyani Atholhu"}},"41":{"code":"41","name":{"en":"Meemu Atholhu","fr":"Meemu Atholhu"}},"42":{"code":"42","name":{"en":"Gnyaviyani Atoll","fr":"Gnaviyani Atholhu"}},"43":{"code":"43","name":{"en":"Noonu Atoll","fr":"Noonu Atoll"}},"44":{"code":"44","name":{"en":"Raa Atoll","fr":"Raa Atholhu"}},"45":{"code":"45","name":{"en":"Shaviyani Atholhu","fr":"Shaviyani Atholhu"}},"46":{"code":"46","name":{"en":"Thaa Atholhu","fr":"Thaa Atholhu"}},"47":{"code":"47","name":{"en":"Vaavu Atholhu","fr":"Vaavu Atholhu"}},"10346475":{"code":"10346475","name":{"en":"Southern Ari Atoll","fr":"Southern Ari Atoll"}},"01":{"code":"01","name":{"en":"Seenu Atholhu","fr":"Seenu Atholhu"}},"05":{"code":"05","name":{"en":"Laamu Atholhu","fr":"Laamu Atholhu"}}}