{"10":{"code":"10","name":{"en":"Durango","fr":"État de Durango"}},"11":{"code":"11","name":{"en":"Guanajuato","fr":"État de Guanajuato"}},"12":{"code":"12","name":{"en":"Guerrero","fr":"Guerrero"}},"13":{"code":"13","name":{"en":"Hidalgo","fr":"État dHidalgo"}},"14":{"code":"14","name":{"en":"Jalisco","fr":"Jalisco"}},"15":{"code":"15","name":{"en":"Estado de México","fr":"Estado de México"}},"16":{"code":"16","name":{"en":"Michoacán","fr":"Michoacán"}},"17":{"code":"17","name":{"en":"Morelos","fr":"Morelos"}},"18":{"code":"18","name":{"en":"Nayarit","fr":"Nayarit"}},"19":{"code":"19","name":{"en":"Nuevo León","fr":"Nuevo León"}},"20":{"code":"20","name":{"en":"Oaxaca","fr":"État de Oaxaca"}},"21":{"code":"21","name":{"en":"Puebla","fr":"État de Puebla"}},"22":{"code":"22","name":{"en":"Querétaro","fr":"Querétaro de Arteaga"}},"23":{"code":"23","name":{"en":"Quintana Roo","fr":"Quintana Roo"}},"24":{"code":"24","name":{"en":"San Luis Potosí","fr":"État de San Luis Potosí"}},"25":{"code":"25","name":{"en":"Sinaloa","fr":"Sinaloa"}},"26":{"code":"26","name":{"en":"Sonora","fr":"Sonora"}},"27":{"code":"27","name":{"en":"Tabasco","fr":"Tabasco"}},"28":{"code":"28","name":{"en":"Tamaulipas","fr":"Tamaulipas"}},"29":{"code":"29","name":{"en":"Tlaxcala","fr":"État de Tlaxcala"}},"30":{"code":"30","name":{"en":"Veracruz","fr":"Estado de Veracruz-Llave"}},"31":{"code":"31","name":{"en":"Yucatán","fr":"Yucatán"}},"32":{"code":"32","name":{"en":"Zacatecas","fr":"État de Zacatecas"}},"06":{"code":"06","name":{"en":"Chihuahua","fr":"État de Chihuahua"}},"03":{"code":"03","name":{"en":"Baja California Sur","fr":"Basse-Californie du Sud"}},"02":{"code":"02","name":{"en":"Estado de Baja California","fr":"Basse-Californie du Nord"}},"05":{"code":"05","name":{"en":"Chiapas","fr":"Chiapas"}},"04":{"code":"04","name":{"en":"Campeche","fr":"État de Campeche"}},"07":{"code":"07","name":{"en":"Coahuila","fr":"Coahuila"}},"08":{"code":"08","name":{"en":"Colima","fr":"État de Colima"}},"09":{"code":"09","name":{"en":"Mexico City","fr":"Distrito Federal"}},"01":{"code":"01","name":{"en":"Aguascalientes","fr":"État d'Aguascalientes"}}}