{"11":{"code":"11","name":{"en":"Sarawak","fr":"Sarawak"}},"12":{"code":"12","name":{"en":"Selangor","fr":"Selangor"}},"13":{"code":"13","name":{"en":"Terengganu","fr":"Terengganu"}},"14":{"code":"14","name":{"en":"Kuala Lumpur","fr":"Kuala Lumpur"}},"15":{"code":"15","name":{"en":"Labuan","fr":"Labuan"}},"16":{"code":"16","name":{"en":"Sabah","fr":"Sabah"}},"17":{"code":"17","name":{"en":"Putrajaya","fr":"Putrajaya"}},"07":{"code":"07","name":{"en":"Perak","fr":"Perak"}},"06":{"code":"06","name":{"en":"Pahang","fr":"Pahang"}},"05":{"code":"05","name":{"en":"Negeri Sembilan","fr":"Negeri Sembilan"}},"02":{"code":"02","name":{"en":"Kedah","fr":"Kedah"}},"01":{"code":"01","name":{"en":"Johor","fr":"Johor"}},"03":{"code":"03","name":{"en":"Kelantan","fr":"Kelantan"}},"04":{"code":"04","name":{"en":"Melaka","fr":"Melaka"}},"09":{"code":"09","name":{"en":"Penang","fr":"Pulau Pinang"}},"08":{"code":"08","name":{"en":"Perlis","fr":"Perlis"}}}