{"10":{"code":"10","name":{"en":"Manica Province","fr":"Manica Province"}},"11":{"code":"11","name":{"en":"Cidade de Maputo","fr":"Cidade de Maputo"}},"01":{"code":"01","name":{"en":"Cabo Delgado Province","fr":"Cabo Delgado Province"}},"06":{"code":"06","name":{"en":"Nampula","fr":"Province de Nampula"}},"03":{"code":"03","name":{"en":"Inhambane Province","fr":"Inhambane Province"}},"08":{"code":"08","name":{"en":"Tete","fr":"Province de Tete"}},"05":{"code":"05","name":{"en":"Sofala Province","fr":"Sofala Province"}},"07":{"code":"07","name":{"en":"Niassa Province","fr":"Niassa Province"}},"09":{"code":"09","name":{"en":"Província de Zambézia","fr":"Província de Zambézia"}},"02":{"code":"02","name":{"en":"Gaza Province","fr":"Gaza Province"}},"04":{"code":"04","name":{"en":"Maputo","fr":"Maputo Province"}}}