{"21":{"code":"21","name":{"en":"Khomas","fr":"Khomas"}},"28":{"code":"28","name":{"en":"Zambezi Region","fr":"Zambezi Region"}},"29":{"code":"29","name":{"en":"Erongo","fr":"Erongo"}},"30":{"code":"30","name":{"en":"Hardap","fr":"Hardap"}},"31":{"code":"31","name":{"en":"Karas","fr":"Karas"}},"32":{"code":"32","name":{"en":"Kunene","fr":"Kunene"}},"33":{"code":"33","name":{"en":"Ohangwena","fr":"Ohangwena"}},"35":{"code":"35","name":{"en":"Omaheke","fr":"Omaheke"}},"36":{"code":"36","name":{"en":"Omusati","fr":"Omusati"}},"37":{"code":"37","name":{"en":"Oshana","fr":"Oshana"}},"38":{"code":"38","name":{"en":"Oshikoto","fr":"Oshikoto"}},"39":{"code":"39","name":{"en":"Otjozondjupa","fr":"Otjozondjupa"}},"40":{"code":"40","name":{"en":"Kavango East","fr":"Kavango East Region"}},"41":{"code":"41","name":{"en":"Kavango West","fr":"Kavango West Region"}}}