{"11":{"code":"11","name":{"en":"Federal Capital Territory","fr":"Territoire de la capitale fédérale du Nigeria"}},"16":{"code":"16","name":{"en":"Ogun State","fr":"Ogun State"}},"21":{"code":"21","name":{"en":"Akwa Ibom State","fr":"Akwa Ibom State"}},"22":{"code":"22","name":{"en":"Cross River State","fr":"Cross River State"}},"23":{"code":"23","name":{"en":"Kaduna State","fr":"Kaduna State"}},"24":{"code":"24","name":{"en":"Katsina State","fr":"Katsina State"}},"25":{"code":"25","name":{"en":"Anambra","fr":"Anambra State"}},"26":{"code":"26","name":{"en":"Benue State","fr":"Benue State"}},"27":{"code":"27","name":{"en":"Borno State","fr":"Borno State"}},"28":{"code":"28","name":{"en":"Imo State","fr":"Imo State"}},"29":{"code":"29","name":{"en":"Kano State","fr":"Kano State"}},"30":{"code":"30","name":{"en":"Kwara State","fr":"Kwara State"}},"31":{"code":"31","name":{"en":"Niger State","fr":"Niger State"}},"32":{"code":"32","name":{"en":"Oyo State","fr":"Oyo State"}},"35":{"code":"35","name":{"en":"Adamawa","fr":"Adamawa State"}},"36":{"code":"36","name":{"en":"Delta","fr":"Delta State"}},"37":{"code":"37","name":{"en":"Edo","fr":"Edo"}},"39":{"code":"39","name":{"en":"Jigawa State","fr":"Jigawa State"}},"40":{"code":"40","name":{"en":"Kebbi State","fr":"Kebbi State"}},"41":{"code":"41","name":{"en":"Kogi State","fr":"Kogi State"}},"42":{"code":"42","name":{"en":"Osun State","fr":"Osun State"}},"43":{"code":"43","name":{"en":"Taraba State","fr":"Taraba State"}},"44":{"code":"44","name":{"en":"Yobe State","fr":"Yobe State"}},"45":{"code":"45","name":{"en":"Abia State","fr":"Abia State"}},"46":{"code":"46","name":{"en":"Bauchi","fr":"Bauchi State"}},"47":{"code":"47","name":{"en":"Enugu State","fr":"Enugu State"}},"48":{"code":"48","name":{"en":"Ondo State","fr":"Ondo State"}},"49":{"code":"49","name":{"en":"Plateau State","fr":"Plateau State"}},"50":{"code":"50","name":{"en":"Rivers State","fr":"Rivers State"}},"51":{"code":"51","name":{"en":"Sokoto State","fr":"Sokoto State"}},"52":{"code":"52","name":{"en":"Bayelsa State","fr":"Bayelsa State"}},"53":{"code":"53","name":{"en":"Ebonyi State","fr":"Ebonyi State"}},"54":{"code":"54","name":{"en":"Ekiti State","fr":"Ekiti State"}},"55":{"code":"55","name":{"en":"Gombe State","fr":"Gombe State"}},"56":{"code":"56","name":{"en":"Nasarawa State","fr":"Nasarawa State"}},"57":{"code":"57","name":{"en":"Zamfara State","fr":"Zamfara State"}},"05":{"code":"05","name":{"en":"Lagos","fr":"Lagos State"}}}