{"10":{"code":"10","name":{"en":"Departamento de Managua","fr":"Departamento de Managua"}},"11":{"code":"11","name":{"en":"Departamento de Masaya","fr":"Departamento de Masaya"}},"12":{"code":"12","name":{"en":"Departamento de Matagalpa","fr":"Departamento de Matagalpa"}},"13":{"code":"13","name":{"en":"Departamento de Nueva Segovia","fr":"Departamento de Nueva Segovia"}},"14":{"code":"14","name":{"en":"Departamento de Río San Juan","fr":"Departamento de Río San Juan"}},"15":{"code":"15","name":{"en":"Departamento de Rivas","fr":"Departamento de Rivas"}},"17":{"code":"17","name":{"en":"North Atlantic Autonomous Region (RAAN)","fr":"North Atlantic Autonomous Region (RAAN)"}},"18":{"code":"18","name":{"en":"Región Autónoma Atlántico Sur","fr":"Región Autónoma Atlántico Sur"}},"08":{"code":"08","name":{"en":"Departamento de León","fr":"Departamento de León"}},"07":{"code":"07","name":{"en":"Departamento de Jinotega","fr":"Departamento de Jinotega"}},"04":{"code":"04","name":{"en":"Departamento de Chontales","fr":"Departamento de Chontales"}},"03":{"code":"03","name":{"en":"Departamento de Chinandega","fr":"Departamento de Chinandega"}},"09":{"code":"09","name":{"en":"Departamento de Madriz","fr":"Departamento de Madriz"}},"06":{"code":"06","name":{"en":"Departamento de Granada","fr":"Departamento de Granada"}},"05":{"code":"05","name":{"en":"Departamento de Estelí","fr":"Departamento de Estelí"}},"02":{"code":"02","name":{"en":"Departamento de Carazo","fr":"Departamento de Carazo"}},"01":{"code":"01","name":{"en":"Departamento de Boaco","fr":"Departamento de Boaco"}}}