{"10":{"code":"10","name":{"en":"Provincie Zeeland","fr":"Zélande"}},"11":{"code":"11","name":{"en":"South Holland","fr":"Hollande-Méridionale"}},"15":{"code":"15","name":{"en":"Provincie Overijssel","fr":"Overijssel"}},"16":{"code":"16","name":{"en":"Provincie Flevoland","fr":"Flevoland"}},"03":{"code":"03","name":{"en":"Provincie Gelderland","fr":"Gueldre"}},"04":{"code":"04","name":{"en":"Groningen","fr":"Groningue"}},"02":{"code":"02","name":{"en":"Friesland","fr":"Frise"}},"01":{"code":"01","name":{"en":"Provincie Drenthe","fr":"Drenthe"}},"07":{"code":"07","name":{"en":"North Holland","fr":"Hollande-Septentrionale"}},"06":{"code":"06","name":{"en":"North Brabant","fr":"Brabant-Septentrional"}},"05":{"code":"05","name":{"en":"Limburg","fr":"Limbourg"}},"09":{"code":"09","name":{"en":"Provincie Utrecht","fr":"Utrecht"}}}