{"10":{"code":"10","name":{"en":"Nord-Trøndelag Fylke","fr":"Nord-Trøndelag"}},"11":{"code":"11","name":{"en":"Oppland","fr":"Oppland"}},"12":{"code":"12","name":{"en":"Oslo County","fr":"Oslo"}},"13":{"code":"13","name":{"en":"Østfold county","fr":"Østfold"}},"14":{"code":"14","name":{"en":"Rogaland Fylke","fr":"Rogaland"}},"15":{"code":"15","name":{"en":"Sogn og Fjordane Fylke","fr":"Sogn og Fjordane"}},"16":{"code":"16","name":{"en":"Sør-Trøndelag Fylke","fr":"Sør-Trøndelag"}},"17":{"code":"17","name":{"en":"Telemark","fr":"Telemark"}},"18":{"code":"18","name":{"en":"Troms Fylke","fr":"Troms"}},"19":{"code":"19","name":{"en":"Vest-Agder Fylke","fr":"Vest-Agder"}},"20":{"code":"20","name":{"en":"Vestfold","fr":"Vestfold"}},"09":{"code":"09","name":{"en":"Nordland Fylke","fr":"Nordland"}},"05":{"code":"05","name":{"en":"Finnmark Fylke","fr":"Finnmark"}},"08":{"code":"08","name":{"en":"Møre og Romsdal fylke","fr":"Møre og Romsdal"}},"04":{"code":"04","name":{"en":"Buskerud","fr":"Buskerud"}},"07":{"code":"07","name":{"en":"Hordaland Fylke","fr":"Hordaland"}},"06":{"code":"06","name":{"en":"Hedmark","fr":"Hedmark"}},"02":{"code":"02","name":{"en":"Aust-Agder","fr":"Aust-Agder"}},"01":{"code":"01","name":{"en":"Akershus","fr":"Akershus"}}}