{"10":{"code":"10","name":{"en":"Ijuw","fr":"Ijuw"}},"11":{"code":"11","name":{"en":"Meneng","fr":"Meneng District"}},"12":{"code":"12","name":{"en":"Nibok","fr":"Nibok"}},"13":{"code":"13","name":{"en":"Uaboe","fr":"Uaboe"}},"14":{"code":"14","name":{"en":"Yaren","fr":"Yaren"}},"09":{"code":"09","name":{"en":"Ewa","fr":"Ewa"}},"08":{"code":"08","name":{"en":"Denigomodu","fr":"Denigomodu"}},"07":{"code":"07","name":{"en":"Buada","fr":"Buada"}},"06":{"code":"06","name":{"en":"Boe","fr":"Boe"}},"05":{"code":"05","name":{"en":"Baiti","fr":"Baiti"}},"04":{"code":"04","name":{"en":"Anibare","fr":"Anibare"}},"03":{"code":"03","name":{"en":"Anetan","fr":"Anetan"}},"02":{"code":"02","name":{"en":"Anabar","fr":"Anabar District"}},"01":{"code":"01","name":{"en":"Aiwo","fr":"Aiwo"}}}