{"10":{"code":"10","name":{"en":"Chatham Islands","fr":"Chatham Islands"}},"E9":{"code":"E9","name":{"en":"Canterbury","fr":"Canterbury"}},"G3":{"code":"G3","name":{"en":"West Coast","fr":"West Coast"}},"G2":{"code":"G2","name":{"en":"Wellington","fr":"Wellington"}},"F3":{"code":"F3","name":{"en":"Manawatu-Wanganui","fr":"Manawatu-Wanganui"}},"G1":{"code":"G1","name":{"en":"Waikato","fr":"Waikato"}},"TAS":{"code":"TAS","name":{"en":"Tasman","fr":"Tasman"}},"F9":{"code":"F9","name":{"en":"Taranaki","fr":"Taranaki"}},"F8":{"code":"F8","name":{"en":"Southland","fr":"Southland"}},"E8":{"code":"E8","name":{"en":"Bay of Plenty Region","fr":"Baie de l'Abondance"}},"F6":{"code":"F6","name":{"en":"Northland Region","fr":"Northland"}},"F4":{"code":"F4","name":{"en":"Marlborough","fr":"Marlborough"}},"F2":{"code":"F2","name":{"en":"Hawke's Bay","fr":"Hawke's Bay"}},"F1":{"code":"F1","name":{"en":"Gisborne","fr":"Gisborne"}},"E7":{"code":"E7","name":{"en":"Auckland","fr":"Auckland"}},"F7":{"code":"F7","name":{"en":"Otago","fr":"Otago"}},"F5":{"code":"F5","name":{"en":"Nelson","fr":"Nelson"}}}