{"10":{"code":"10","name":{"en":"Al Buraimi","fr":"Muḩāfaz̧at al Buraymī"}},"11":{"code":"11","name":{"en":"Al Batinah North Governorate","fr":"Al Batinah North Governorate"}},"12":{"code":"12","name":{"en":"Ash Sharqiyah North Governorate","fr":"Muḩāfaz̧at Shamāl ash Sharqīyah"}},"01":{"code":"01","name":{"en":"Muḩāfaz̧at ad Dākhilīyah","fr":"Muḩāfaz̧at ad Dākhilīyah"}},"02":{"code":"02","name":{"en":"Al Batinah South Governorate","fr":"Al Batinah South Governorate"}},"03":{"code":"03","name":{"en":"Muḩāfaz̧at al Wusţá","fr":"Muḩāfaz̧at al Wusţá"}},"04":{"code":"04","name":{"en":"Ash Sharqiyah South Governorate","fr":"Ash Sharqiyah South"}},"09":{"code":"09","name":{"en":"Az̧ Z̧āhirah","fr":"Az̧ Z̧āhirah"}},"06":{"code":"06","name":{"en":"Muḩāfaz̧at Masqaţ","fr":"Muḩāfaz̧at Masqaţ"}},"07":{"code":"07","name":{"en":"Musandam","fr":"Musandam"}},"08":{"code":"08","name":{"en":"Muḩāfaz̧at Z̧ufār","fr":"Muḩāfaz̧at Z̧ufār"}}}