{"10":{"code":"10","name":{"en":"Provincia de Veraguas","fr":"Provincia de Veraguas"}},"11":{"code":"11","name":{"en":"Emberá-Wounaan","fr":"Emberá-Wounaan"}},"12":{"code":"12","name":{"en":"Ngöbe-Buglé","fr":"Ngöbe-Buglé"}},"05":{"code":"05","name":{"en":"Provincia del Darién","fr":"Provincia del Darién"}},"04":{"code":"04","name":{"en":"Provincia de Colón","fr":"Provincia de Colón"}},"02":{"code":"02","name":{"en":"Provincia de Chiriquí","fr":"Provincia de Chiriquí"}},"01":{"code":"01","name":{"en":"Provincia de Bocas del Toro","fr":"Provincia de Bocas del Toro"}},"09":{"code":"09","name":{"en":"Guna Yala","fr":"Guna Yala"}},"08":{"code":"08","name":{"en":"Provincia de Panamá","fr":"Provincia de Panamá"}},"06":{"code":"06","name":{"en":"Provincia de Herrera","fr":"Provincia de Herrera"}},"03":{"code":"03","name":{"en":"Provincia de Coclé","fr":"Provincia de Coclé"}},"07":{"code":"07","name":{"en":"Provincia de Los Santos","fr":"Provincia de Los Santos"}}}