{"10":{"code":"10","name":{"en":"Región de Huánuco","fr":"Región de Huánuco"}},"11":{"code":"11","name":{"en":"Ica","fr":"Région dIca"}},"12":{"code":"12","name":{"en":"Junín Region","fr":"Région de Junín"}},"13":{"code":"13","name":{"en":"La Libertad","fr":"Région de La Libertad"}},"14":{"code":"14","name":{"en":"Lambayeque","fr":"Région de Lambayeque"}},"15":{"code":"15","name":{"en":"Lima region","fr":"Région de Lima"}},"16":{"code":"16","name":{"en":"Loreto","fr":"Région de Loreto"}},"17":{"code":"17","name":{"en":"Madre de Dios","fr":"Région de Madre de Dios"}},"18":{"code":"18","name":{"en":"Departamento de Moquegua","fr":"Departamento de Moquegua"}},"19":{"code":"19","name":{"en":"Pasco Region","fr":"Région de Pasco"}},"20":{"code":"20","name":{"en":"Piura","fr":"Région de Piura"}},"21":{"code":"21","name":{"en":"Puno","fr":"Région de Puno"}},"22":{"code":"22","name":{"en":"Región de San Martín","fr":"Región de San Martín"}},"23":{"code":"23","name":{"en":"Tacna","fr":"Région de Tacna"}},"24":{"code":"24","name":{"en":"Tumbes","fr":"Région de Tumbes"}},"25":{"code":"25","name":{"en":"Ucayali","fr":"Région dUcayali"}},"08":{"code":"08","name":{"en":"Cusco","fr":"Cusco"}},"05":{"code":"05","name":{"en":"Ayacucho","fr":"Région dAyacucho"}},"04":{"code":"04","name":{"en":"Arequipa","fr":"Région dArequipa"}},"06":{"code":"06","name":{"en":"Cajamarca","fr":"Cajamarca"}},"02":{"code":"02","name":{"en":"Ancash","fr":"Région d'Ancash"}},"01":{"code":"01","name":{"en":"Amazonas","fr":"Amazonas"}},"09":{"code":"09","name":{"en":"Huancavelica","fr":"Région de Huancavelica"}},"03":{"code":"03","name":{"en":"Apurimac","fr":"Apurimac"}},"LMA":{"code":"LMA","name":{"en":"Provincia de Lima","fr":"Provincia de Lima"}},"07":{"code":"07","name":{"en":"Callao","fr":"Callao"}}}