{"10":{"code":"10","name":{"en":"East New Britain Province","fr":"Nouvelle-Bretagne orientale"}},"11":{"code":"11","name":{"en":"East Sepik Province","fr":"East Sepik Province"}},"12":{"code":"12","name":{"en":"Madang Province","fr":"Madang Province"}},"13":{"code":"13","name":{"en":"Manus Province","fr":"Manus Province"}},"14":{"code":"14","name":{"en":"Morobe Province","fr":"Morobe Province"}},"15":{"code":"15","name":{"en":"New Ireland","fr":"Nouvelle-Irlande"}},"16":{"code":"16","name":{"en":"Western Highlands Province","fr":"Western Highlands Province"}},"17":{"code":"17","name":{"en":"West New Britain Province","fr":"Nouvelle-Bretagne occidentale"}},"18":{"code":"18","name":{"en":"West Sepik Province","fr":"West Sepik Province"}},"19":{"code":"19","name":{"en":"Enga Province","fr":"Enga Province"}},"20":{"code":"20","name":{"en":"National Capital","fr":"National Capital District"}},"21":{"code":"21","name":{"en":"Hela","fr":"Hela"}},"22":{"code":"22","name":{"en":"Jiwaka","fr":"Jiwaka"}},"07":{"code":"07","name":{"en":"Bougainville","fr":"Bougainville"}},"03":{"code":"03","name":{"en":"Milne Bay Province","fr":"Milne Bay Province"}},"01":{"code":"01","name":{"en":"Central Province","fr":"Central Province"}},"06":{"code":"06","name":{"en":"Western Province","fr":"Western Province"}},"04":{"code":"04","name":{"en":"Northern Province","fr":"Northern Province"}},"05":{"code":"05","name":{"en":"Southern Highlands Province","fr":"Southern Highlands Province"}},"02":{"code":"02","name":{"en":"Gulf Province","fr":"Gulf Province"}},"09":{"code":"09","name":{"en":"Eastern Highlands Province","fr":"Eastern Highlands Province"}},"08":{"code":"08","name":{"en":"Chimbu Province","fr":"Chimbu Province"}}}