{"10":{"code":"10","name":{"en":"Northern Mindanao","fr":"Mindanao du Nord"}},"11":{"code":"11","name":{"en":"Davao","fr":"Davao"}},"12":{"code":"12","name":{"en":"Soccsksargen","fr":"Soccsksargen"}},"13":{"code":"13","name":{"en":"Caraga","fr":"Caraga"}},"14":{"code":"14","name":{"en":"Autonomous Region in Muslim Mindanao","fr":"Région autonome en Mindanao musulmane"}},"15":{"code":"15","name":{"en":"Cordillera","fr":"Région administrative de la Cordillère"}},"40":{"code":"40","name":{"en":"Calabarzon","fr":"Calabarzon"}},"41":{"code":"41","name":{"en":"Mimaropa","fr":"Mimaropa"}},"02":{"code":"02","name":{"en":"Cagayan Valley","fr":"Vallée de Cagayan"}},"01":{"code":"01","name":{"en":"Ilocos","fr":"Région dIlocos"}},"06":{"code":"06","name":{"en":"Western Visayas","fr":"Visayas occidentales"}},"03":{"code":"03","name":{"en":"Central Luzon","fr":"Luçon centrale"}},"07":{"code":"07","name":{"en":"Central Visayas","fr":"Visayas centrales"}},"08":{"code":"08","name":{"en":"Eastern Visayas","fr":"Visayas orientales"}},"05":{"code":"05","name":{"en":"Bicol","fr":"Bicol"}},"09":{"code":"09","name":{"en":"Zamboanga Peninsula","fr":"Zamboanga Peninsula"}},"NCR":{"code":"NCR","name":{"en":"National Capital Region","fr":"National Capital Region"}}}