{"02":{"code":"02","name":{"en":"Balochistān","fr":"Balochistān"}},"04":{"code":"04","name":{"en":"Punjab","fr":"Punjab"}},"01":{"code":"01","name":{"en":"Federally Administered Tribal Areas","fr":"Régions tribales"}},"05":{"code":"05","name":{"en":"Sindh","fr":"Sindh"}},"03":{"code":"03","name":{"en":"Khyber Pakhtunkhwa","fr":"Khyber Pakhtunkhwa Province"}},"07":{"code":"07","name":{"en":"Gilgit-Baltistan","fr":"Northern Areas"}},"06":{"code":"06","name":{"en":"Azad Kashmir","fr":"Azad Cachemire"}},"08":{"code":"08","name":{"en":"Islāmābād Capital Territory","fr":"Islāmābād Capital Territory"}}}