{"72":{"code":"72","name":{"en":"Lower Silesian Voivodeship","fr":"Voïvodie de Basse-Silésie"}},"73":{"code":"73","name":{"en":"Kujawsko-Pomorskie","fr":"Voïvodie de Cujavie-Poméranie"}},"74":{"code":"74","name":{"en":"Łódź Voivodeship","fr":"Voïvodie de Łódź"}},"75":{"code":"75","name":{"en":"Lublin Voivodeship","fr":"Voïvodie de Lublin"}},"76":{"code":"76","name":{"en":"Lubusz","fr":"Voïvodie de Lubusz"}},"77":{"code":"77","name":{"en":"Lesser Poland Voivodeship","fr":"Voïvodie de Petite-Pologne"}},"78":{"code":"78","name":{"en":"Masovian Voivodeship","fr":"Voïvodie de Mazovie"}},"79":{"code":"79","name":{"en":"Opole Voivodeship","fr":"Voïvodie d'Opole"}},"80":{"code":"80","name":{"en":"Podkarpackie Voivodeship","fr":"Voïvodie des Basses-Carpates"}},"81":{"code":"81","name":{"en":"Podlasie","fr":"Voïvodie de Podlachie"}},"82":{"code":"82","name":{"en":"Pomeranian Voivodeship","fr":"Voïvodie de Poméranie"}},"83":{"code":"83","name":{"en":"Silesian Voivodeship","fr":"Voïvodie de Silésie"}},"84":{"code":"84","name":{"en":"Świętokrzyskie","fr":"Voïvodie de Sainte-Croix"}},"85":{"code":"85","name":{"en":"Warmian-Masurian Voivodeship","fr":"Voïvodie de Varmie-Mazurie"}},"86":{"code":"86","name":{"en":"Greater Poland Voivodeship","fr":"Voïvodie de Grande-Pologne"}},"87":{"code":"87","name":{"en":"West Pomeranian Voivodeship","fr":"Voïvodie de Poméranie occidentale"}}}