{"10":{"code":"10","name":{"en":"State of Ngardmau","fr":"State of Ngardmau"}},"11":{"code":"11","name":{"en":"State of Ngatpang","fr":"State of Ngatpang"}},"12":{"code":"12","name":{"en":"State of Ngchesar","fr":"State of Ngchesar"}},"13":{"code":"13","name":{"en":"State of Ngeremlengui","fr":"State of Ngeremlengui"}},"14":{"code":"14","name":{"en":"State of Ngiwal","fr":"State of Ngiwal"}},"15":{"code":"15","name":{"en":"State of Peleliu","fr":"State of Peleliu"}},"16":{"code":"16","name":{"en":"State of Sonsorol","fr":"State of Sonsorol"}},"05":{"code":"05","name":{"en":"State of Kayangel","fr":"State of Kayangel"}},"04":{"code":"04","name":{"en":"Hatohobei","fr":"State of Hatohobei"}},"01":{"code":"01","name":{"en":"State of Aimeliik","fr":"State of Aimeliik"}},"02":{"code":"02","name":{"en":"State of Airai","fr":"State of Airai"}},"03":{"code":"03","name":{"en":"State of Angaur","fr":"State of Angaur"}},"06":{"code":"06","name":{"en":"State of Koror","fr":"State of Koror"}},"07":{"code":"07","name":{"en":"State of Melekeok","fr":"State of Melekeok"}},"08":{"code":"08","name":{"en":"State of Ngaraard","fr":"State of Ngaraard"}},"09":{"code":"09","name":{"en":"State of Ngarchelong","fr":"State of Ngarchelong"}}}