{"10":{"code":"10","name":{"en":"Departamento del Guairá","fr":"Departamento del Guairá"}},"11":{"code":"11","name":{"en":"Departamento de Itapúa","fr":"Departamento de Itapúa"}},"12":{"code":"12","name":{"en":"Departamento de Misiones","fr":"Departamento de Misiones"}},"13":{"code":"13","name":{"en":"Departamento de Ñeembucú","fr":"Departamento de Ñeembucú"}},"15":{"code":"15","name":{"en":"Departamento de Paraguarí","fr":"Departamento de Paraguarí"}},"16":{"code":"16","name":{"en":"Departamento de Presidente Hayes","fr":"Departamento de Presidente Hayes"}},"17":{"code":"17","name":{"en":"Departamento de San Pedro","fr":"Departamento de San Pedro"}},"19":{"code":"19","name":{"en":"Departamento de Canindeyú","fr":"Departamento de Canindeyú"}},"22":{"code":"22","name":{"en":"Asunción","fr":"Asunción"}},"23":{"code":"23","name":{"en":"Departamento de Alto Paraguay","fr":"Departamento de Alto Paraguay"}},"24":{"code":"24","name":{"en":"Departamento de Boquerón","fr":"Departamento de Boquerón"}},"07":{"code":"07","name":{"en":"Departamento de Concepción","fr":"Departamento de Concepción"}},"05":{"code":"05","name":{"en":"Departamento de Caazapá","fr":"Departamento de Caazapá"}},"04":{"code":"04","name":{"en":"Departamento de Caaguazú","fr":"Departamento de Caaguazú"}},"02":{"code":"02","name":{"en":"Departamento del Amambay","fr":"Departamento del Amambay"}},"01":{"code":"01","name":{"en":"Departamento del Alto Paraná","fr":"Departamento del Alto Paraná"}},"08":{"code":"08","name":{"en":"Departamento de la Cordillera","fr":"Departamento de la Cordillera"}},"06":{"code":"06","name":{"en":"Departamento Central","fr":"Departamento Central"}}}