{"10":{"code":"10","name":{"en":"Al Wakrah","fr":"Al Wakrah"}},"13":{"code":"13","name":{"en":"Baladīyat az̧ Z̧a‘āyin","fr":"Al Daayen"}},"08":{"code":"08","name":{"en":"Baladīyat ash Shamāl","fr":"Ash Shamal"}},"04":{"code":"04","name":{"en":"Baladīyat al Khawr wa adh Dhakhīrah","fr":"Al Khawr"}},"09":{"code":"09","name":{"en":"Baladīyat Umm Şalāl","fr":"Umm Salal"}},"06":{"code":"06","name":{"en":"Baladīyat ar Rayyān","fr":"Al Rayyan"}},"01":{"code":"01","name":{"en":"Baladīyat ad Dawḩah","fr":"Ad Dawhah"}}}