{"10":{"code":"10","name":{"en":"București","fr":"Bucarest"}},"11":{"code":"11","name":{"en":"Judeţul Buzău","fr":"Judeţul Buzău"}},"12":{"code":"12","name":{"en":"Judeţul Caraş-Severin","fr":"Judeţul Caraş-Severin"}},"13":{"code":"13","name":{"en":"Judeţul Cluj","fr":"Judeţul Cluj"}},"14":{"code":"14","name":{"en":"Constanța","fr":"Constanța"}},"15":{"code":"15","name":{"en":"Covasna","fr":"Covasna"}},"16":{"code":"16","name":{"en":"Judeţul Dâmboviţa","fr":"Judeţul Dâmboviţa"}},"17":{"code":"17","name":{"en":"Dolj","fr":"Dolj"}},"18":{"code":"18","name":{"en":"Judeţul Galaţi","fr":"Judeţul Galaţi"}},"19":{"code":"19","name":{"en":"Gorj","fr":"Gorj"}},"20":{"code":"20","name":{"en":"Harghita","fr":"Harghita"}},"21":{"code":"21","name":{"en":"Hunedoara","fr":"Hunedoara"}},"22":{"code":"22","name":{"en":"Judeţul Ialomiţa","fr":"Judeţul Ialomiţa"}},"23":{"code":"23","name":{"en":"Judeţul Iaşi","fr":"Judeţul Iaşi"}},"25":{"code":"25","name":{"en":"Maramureş","fr":"Judeţul Maramureş"}},"26":{"code":"26","name":{"en":"Judeţul Mehedinţi","fr":"Judeţul Mehedinţi"}},"27":{"code":"27","name":{"en":"Judeţul Mureş","fr":"Judeţul Mureş"}},"28":{"code":"28","name":{"en":"Judeţul Neamţ","fr":"Judeţul Neamţ"}},"29":{"code":"29","name":{"en":"Olt County","fr":"Județ dOlt"}},"30":{"code":"30","name":{"en":"Prahova","fr":"Județ de Prahova"}},"31":{"code":"31","name":{"en":"Judeţul Sălaj","fr":"Judeţul Sălaj"}},"32":{"code":"32","name":{"en":"Satu Mare","fr":"Satu Mare"}},"33":{"code":"33","name":{"en":"Judeţul Sibiu","fr":"Judeţul Sibiu"}},"34":{"code":"34","name":{"en":"Suceava","fr":"Bucovine"}},"35":{"code":"35","name":{"en":"Teleorman","fr":"Teleorman"}},"36":{"code":"36","name":{"en":"Judeţul Timiş","fr":"Judeţul Timiş"}},"37":{"code":"37","name":{"en":"Tulcea","fr":"Tulcea"}},"38":{"code":"38","name":{"en":"Vaslui","fr":"Vaslui"}},"39":{"code":"39","name":{"en":"Judeţul Vâlcea","fr":"Judeţul Vâlcea"}},"40":{"code":"40","name":{"en":"Vrancea","fr":"Județ de Vrancea"}},"41":{"code":"41","name":{"en":"Judeţul Călăraşi","fr":"Judeţul Călăraşi"}},"42":{"code":"42","name":{"en":"Giurgiu","fr":"Giurgiu"}},"43":{"code":"43","name":{"en":"Ilfov","fr":"Județ dIlfov"}},"09":{"code":"09","name":{"en":"Judeţul Braşov","fr":"Judeţul Braşov"}},"05":{"code":"05","name":{"en":"Bihor","fr":"Bihor"}},"04":{"code":"04","name":{"en":"Judeţul Bacău","fr":"Judeţul Bacău"}},"02":{"code":"02","name":{"en":"Arad","fr":"Arad"}},"01":{"code":"01","name":{"en":"Judeţul Alba","fr":"Judeţul Alba"}},"08":{"code":"08","name":{"en":"Judeţul Brăila","fr":"Judeţul Brăila"}},"06":{"code":"06","name":{"en":"Judeţul Bistriţa-Năsăud","fr":"Judeţul Bistriţa-Năsăud"}},"03":{"code":"03","name":{"en":"Judeţul Argeş","fr":"Judeţul Argeş"}},"07":{"code":"07","name":{"en":"Judeţul Botoşani","fr":"Judeţul Botoşani"}}}