{"10":{"code":"10","name":{"en":"Bryanskaya Oblast’","fr":"Oblast de Briansk"}},"11":{"code":"11","name":{"en":"Respublika Buryatiya","fr":"République de Bouriatie"}},"12":{"code":"12","name":{"en":"Chechnya","fr":"République de Tchétchénie"}},"13":{"code":"13","name":{"en":"Chelyabinsk","fr":"Oblast de Tcheliabinsk"}},"15":{"code":"15","name":{"en":"Chukotskiy Avtonomnyy Okrug","fr":"District autonome de Tchoukotka"}},"16":{"code":"16","name":{"en":"Chuvashia","fr":"République de Tchouvachie"}},"17":{"code":"17","name":{"en":"Dagestan","fr":"République de Daghestan"}},"19":{"code":"19","name":{"en":"Respublika Ingushetiya","fr":"République d'Ingouchie"}},"20":{"code":"20","name":{"en":"Irkutskaya Oblast’","fr":"Oblast d'Irkoutsk"}},"21":{"code":"21","name":{"en":"Ivanovskaya Oblast’","fr":"Oblast d'Ivanovo"}},"22":{"code":"22","name":{"en":"Kabardino-Balkarskaya Respublika","fr":"République de Kabardino-Balkarie"}},"23":{"code":"23","name":{"en":"Kaliningradskaya Oblast’","fr":"Oblast de Kaliningrad"}},"24":{"code":"24","name":{"en":"Kalmykiya","fr":"République de Kalmoukie"}},"25":{"code":"25","name":{"en":"Kaluzhskaya Oblast’","fr":"Oblast de Kalouga"}},"27":{"code":"27","name":{"en":"Karachayevo-Cherkesiya","fr":"Province de Karatchaïévo-Tcherkessie"}},"28":{"code":"28","name":{"en":"Republic of Karelia","fr":"Carélie"}},"29":{"code":"29","name":{"en":"Kemerovskaya Oblast’","fr":"Oblast de Kemerovo"}},"30":{"code":"30","name":{"en":"Khabarovsk Krai","fr":"Kraï de Khabarovsk"}},"31":{"code":"31","name":{"en":"Respublika Khakasiya","fr":"République de Khakassie"}},"32":{"code":"32","name":{"en":"Khanty-Mansiyskiy Avtonomnyy Okrug-Yugra","fr":"District autonome de Khantys-Mansis"}},"33":{"code":"33","name":{"en":"Kirovskaya Oblast’","fr":"Oblast de Kirov"}},"34":{"code":"34","name":{"en":"Komi Republic","fr":"République de Komis"}},"37":{"code":"37","name":{"en":"Kostromskaya Oblast’","fr":"Oblast de Kalouga"}},"38":{"code":"38","name":{"en":"Krasnodarskiy Kray","fr":"Kraï de Krasnodar"}},"40":{"code":"40","name":{"en":"Kurganskaya Oblast’","fr":"Oblast de Kourgan"}},"41":{"code":"41","name":{"en":"Kurskaya Oblast’","fr":"Oblast de Koursk"}},"42":{"code":"42","name":{"en":"Leningrad","fr":"Oblast de Léningrad"}},"43":{"code":"43","name":{"en":"Lipetskaya Oblast’","fr":"Oblast de Lipetsk"}},"44":{"code":"44","name":{"en":"Magadanskaya Oblast’","fr":"Oblast de Magadan"}},"45":{"code":"45","name":{"en":"Respublika Mariy-El","fr":"République de Maris"}},"46":{"code":"46","name":{"en":"Respublika Mordoviya","fr":"République de Mordovie"}},"47":{"code":"47","name":{"en":"MO","fr":"Oblast de Moscou"}},"48":{"code":"48","name":{"en":"Moscow","fr":"Moscou"}},"49":{"code":"49","name":{"en":"Murmansk","fr":"Oblast de Mourmansk"}},"50":{"code":"50","name":{"en":"Nenetskiy Avtonomnyy Okrug","fr":"District autonome de Nénétsie"}},"51":{"code":"51","name":{"en":"Nizhegorodskaya Oblast’","fr":"Oblast de Nijni Novgorod"}},"52":{"code":"52","name":{"en":"Novgorodskaya Oblast’","fr":"Oblast de Novgorod"}},"53":{"code":"53","name":{"en":"Novosibirskaya Oblast’","fr":"Oblast de Novossibirsk"}},"54":{"code":"54","name":{"en":"Omskaya Oblast’","fr":"Oblast d'Omsk"}},"55":{"code":"55","name":{"en":"Orenburgskaya Oblast’","fr":"Oblast d'Orenbourg"}},"56":{"code":"56","name":{"en":"Orlovskaya Oblast’","fr":"Oblast d'Orel"}},"57":{"code":"57","name":{"en":"Penzenskaya Oblast’","fr":"Oblast de Penza"}},"59":{"code":"59","name":{"en":"Primorskiy Kray","fr":"Kraï de Primorie"}},"60":{"code":"60","name":{"en":"Pskovskaya Oblast’","fr":"Oblast de Pskov"}},"61":{"code":"61","name":{"en":"Rostov","fr":"Oblast de Rostov"}},"62":{"code":"62","name":{"en":"Ryazanskaya Oblast’","fr":"Oblast de Riazan"}},"63":{"code":"63","name":{"en":"Respublika Sakha (Yakutiya)","fr":"République de Sakha"}},"64":{"code":"64","name":{"en":"Sakhalinskaya Oblast’","fr":"Oblast de Sakhaline"}},"65":{"code":"65","name":{"en":"Samarskaya Oblast’","fr":"Oblast de Samara"}},"66":{"code":"66","name":{"en":"St.-Petersburg","fr":"Saint-Pétersbourg"}},"67":{"code":"67","name":{"en":"Saratovskaya Oblast’","fr":"Oblast de Saratov"}},"68":{"code":"68","name":{"en":"North Ossetia","fr":"République d'Ossétie-du-Nord-Alanie"}},"69":{"code":"69","name":{"en":"Smolenskaya Oblast’","fr":"Oblast de Smolensk"}},"70":{"code":"70","name":{"en":"Stavropol’skiy Kray","fr":"Kraï de Stavropol"}},"71":{"code":"71","name":{"en":"Sverdlovskaya Oblast’","fr":"Oblast de Sverdlovsk"}},"72":{"code":"72","name":{"en":"Tambovskaya Oblast’","fr":"Oblast de Tambov"}},"73":{"code":"73","name":{"en":"Tatarstan","fr":"République de Tatarstan"}},"75":{"code":"75","name":{"en":"Tomskaya Oblast’","fr":"Oblast de Tomsk"}},"76":{"code":"76","name":{"en":"Tul’skaya Oblast’","fr":"Oblast de Toula"}},"77":{"code":"77","name":{"en":"Tverskaya Oblast’","fr":"Oblast de Tver"}},"78":{"code":"78","name":{"en":"Tyumenskaya Oblast’","fr":"Oblast de Tioumen"}},"79":{"code":"79","name":{"en":"Respublika Tyva","fr":"République de Touva"}},"80":{"code":"80","name":{"en":"Udmurtskaya Respublika","fr":"République d'Oudmourtie"}},"81":{"code":"81","name":{"en":"Ulyanovsk","fr":"Oblast d'Oulianovsk"}},"83":{"code":"83","name":{"en":"Vladimirskaya Oblast’","fr":"Oblast de Vladimir"}},"84":{"code":"84","name":{"en":"Volgogradskaya Oblast’","fr":"Oblast de Volgograd"}},"85":{"code":"85","name":{"en":"Vologodskaya Oblast’","fr":"Oblast de Vologda"}},"86":{"code":"86","name":{"en":"Voronezhskaya Oblast’","fr":"Oblast de Voronej"}},"87":{"code":"87","name":{"en":"Yamalo-Nenetskiy Avtonomnyy Okrug","fr":"District autonome de Iamalie"}},"88":{"code":"88","name":{"en":"Yaroslavskaya Oblast’","fr":"Oblast d'Iaroslavl"}},"89":{"code":"89","name":{"en":"Jewish Autonomous Oblast","fr":"Oblast autonome juif"}},"90":{"code":"90","name":{"en":"Perm Krai","fr":"Kraï de Perm"}},"91":{"code":"91","name":{"en":"Krasnoyarskiy Kray","fr":"Kraï de Krasnoïarsk"}},"92":{"code":"92","name":{"en":"Kamtchatski Kray","fr":"Kraï de Kamtchatka"}},"93":{"code":"93","name":{"en":"Transbaikal Territory","fr":"Kraï de Transbaïkalie"}},"05":{"code":"05","name":{"en":"Amurskaya Oblast’","fr":"Oblast d'Amour"}},"04":{"code":"04","name":{"en":"Altai Krai","fr":"Kraï d'Altaï"}},"06":{"code":"06","name":{"en":"Arkhangelskaya","fr":"Oblast d'Arkhangelsk"}},"03":{"code":"03","name":{"en":"Altai Republic","fr":"République d'Altaï"}},"07":{"code":"07","name":{"en":"Astrakhanskaya Oblast’","fr":"Oblast d'Astrakhan"}},"08":{"code":"08","name":{"en":"Bashkortostan","fr":"République de Bachkirie"}},"01":{"code":"01","name":{"en":"Respublika Adygeya","fr":"République d'Adyguée"}},"09":{"code":"09","name":{"en":"Belgorodskaya Oblast’","fr":"Oblast de Belgorod"}}}