{"10":{"code":"10","name":{"en":"Ar Riyāḑ","fr":"Minţaqat ar Riyāḑ"}},"11":{"code":"11","name":{"en":"'Asir","fr":"Minţaqat ‘Asīr"}},"13":{"code":"13","name":{"en":"Hai’l Region","fr":"Hai’l Region"}},"14":{"code":"14","name":{"en":"Makkah Province","fr":"Makkah Province"}},"15":{"code":"15","name":{"en":"Northern Borders","fr":"Minţaqat al Ḩudūd ash Shamālīyah"}},"16":{"code":"16","name":{"en":"Najran","fr":"Minţaqat Najrān"}},"17":{"code":"17","name":{"en":"Jizan","fr":"Région de Jizan"}},"19":{"code":"19","name":{"en":"Tabuk","fr":"Minţaqat Tabūk"}},"20":{"code":"20","name":{"en":"Al Jawf","fr":"Al Jawf"}},"06":{"code":"06","name":{"en":"Eastern Province","fr":"Al Minţaqah ash Sharqīyah"}},"05":{"code":"05","name":{"en":"Al Madīnah al Munawwarah","fr":"Al Madīnah al Munawwarah"}},"08":{"code":"08","name":{"en":"Al-Qassim","fr":"Al-Qassim Province"}},"02":{"code":"02","name":{"en":"Al Bahah","fr":"Minţaqat al Bāḩah"}}}