{"10":{"code":"10","name":{"en":"Central Province","fr":"Province Centrale"}},"11":{"code":"11","name":{"en":"Western Province","fr":"Province occidentale"}},"12":{"code":"12","name":{"en":"Choiseul","fr":"Province de Choiseul"}},"13":{"code":"13","name":{"en":"Rennell and Bellona","fr":"Province de Rennell et Bellona"}},"14":{"code":"14","name":{"en":"Honiara","fr":"Territoire Capitale"}},"09":{"code":"09","name":{"en":"Temotu Province","fr":"Province de Temotu"}},"08":{"code":"08","name":{"en":"Makira-Ulawa Province","fr":"Province de Makira-Ulawa"}},"03":{"code":"03","name":{"en":"Malaita Province","fr":"Province de Malaita"}},"07":{"code":"07","name":{"en":"Isabel Province","fr":"Province de Isabel"}},"06":{"code":"06","name":{"en":"Guadalcanal Province","fr":"Province de Guadalcanal"}}}