{"10":{"code":"10","name":{"en":"Bel Ombre","fr":"Bel Ombre"}},"11":{"code":"11","name":{"en":"Cascade","fr":"Cascade"}},"12":{"code":"12","name":{"en":"Glacis","fr":"Glacis"}},"14":{"code":"14","name":{"en":"Grand Anse Praslin","fr":"Grand Anse Praslin"}},"17":{"code":"17","name":{"en":"Mont Buxton","fr":"Mont Buxton"}},"18":{"code":"18","name":{"en":"Mont Fleuri","fr":"Mont Fleuri"}},"19":{"code":"19","name":{"en":"Plaisance","fr":"Plaisance"}},"20":{"code":"20","name":{"en":"Pointe Larue","fr":"Pointe Larue"}},"22":{"code":"22","name":{"en":"Saint Louis","fr":"Saint Louis"}},"23":{"code":"23","name":{"en":"Takamaka","fr":"Takamaka"}},"24":{"code":"24","name":{"en":"Grand Anse Mahe","fr":"Grand Anse Mahe"}},"25":{"code":"25","name":{"en":"Inner Islands","fr":"Inner Islands"}},"26":{"code":"26","name":{"en":"English River","fr":"La Rivière Anglaise"}},"27":{"code":"27","name":{"en":"Port Glaud","fr":"Port Glaud"}},"28":{"code":"28","name":{"en":"Au Cap","fr":"Au Cap"}},"29":{"code":"29","name":{"en":"Les Mamelles","fr":"Les Mamelles"}},"30":{"code":"30","name":{"en":"Roche Caiman","fr":"Roche Caïman"}},"09":{"code":"09","name":{"en":"Bel Air","fr":"Bel Air"}},"08":{"code":"08","name":{"en":"Beau Vallon","fr":"Beau Vallon"}},"07":{"code":"07","name":{"en":"Baie Sainte Anne","fr":"Baie Sainte-Anne"}},"06":{"code":"06","name":{"en":"Baie Lazare","fr":"Baie Lazare"}},"05":{"code":"05","name":{"en":"Anse Royale","fr":"Anse Royale"}},"03":{"code":"03","name":{"en":"Anse Etoile","fr":"Anse Étoile"}},"02":{"code":"02","name":{"en":"Anse Boileau","fr":"Anse Boileau"}},"01":{"code":"01","name":{"en":"Anse-aux-Pins","fr":"Anse aux Pins"}}}