{"29":{"code":"29","name":{"en":"Khartoum","fr":"Khartoum"}},"36":{"code":"36","name":{"en":"Red Sea State","fr":"Mer Rouge"}},"38":{"code":"38","name":{"en":"Al Jazīrah","fr":"Al Djazirah"}},"39":{"code":"39","name":{"en":"Al Qaḑārif","fr":"Al Qadarif"}},"41":{"code":"41","name":{"en":"White Nile","fr":"Nil Blanc"}},"42":{"code":"42","name":{"en":"Blue Nile","fr":"Nil Bleu"}},"43":{"code":"43","name":{"en":"Northern","fr":"Nord"}},"47":{"code":"47","name":{"en":"Western Darfur","fr":"Darfour-Occidental"}},"49":{"code":"49","name":{"en":"Southern Darfur","fr":"Darfour du Sud"}},"50":{"code":"50","name":{"en":"Southern Kordofan","fr":"Kordofan du Sud"}},"52":{"code":"52","name":{"en":"Kassala","fr":"Kassala"}},"53":{"code":"53","name":{"en":"River Nile State","fr":"Nil"}},"55":{"code":"55","name":{"en":"Northern Darfur","fr":"Darfour du Nord"}},"56":{"code":"56","name":{"en":"Shamāl Kurdufān","fr":"Kordofan du Nord"}},"58":{"code":"58","name":{"en":"Sinnār","fr":"Sannar"}},"60":{"code":"60","name":{"en":"Eastern Darfur","fr":"Darfour-Oriental"}},"61":{"code":"61","name":{"en":"Central Darfur","fr":"Darfour-Central"}},"62":{"code":"62","name":{"en":"West Kordofan","fr":"Western Kordofan"}}}