{"10":{"code":"10","name":{"en":"Dalarna","fr":"Dalarna"}},"12":{"code":"12","name":{"en":"Kronoberg","fr":"Kronoberg"}},"14":{"code":"14","name":{"en":"Norrbotten","fr":"Norbotten"}},"15":{"code":"15","name":{"en":"Örebro","fr":"Örebro"}},"16":{"code":"16","name":{"en":"Östergötland","fr":"Östergötland"}},"18":{"code":"18","name":{"en":"Södermanland","fr":"Södermanland"}},"21":{"code":"21","name":{"en":"Uppsala","fr":"Uppsala"}},"22":{"code":"22","name":{"en":"Värmland","fr":"Värmland"}},"23":{"code":"23","name":{"en":"Västerbotten","fr":"Västerbotten"}},"24":{"code":"24","name":{"en":"Västernorrland","fr":"Västernorrland"}},"25":{"code":"25","name":{"en":"Västmanland","fr":"Västmanland"}},"26":{"code":"26","name":{"en":"Stockholm","fr":"Stockholm"}},"27":{"code":"27","name":{"en":"Skåne","fr":"Skåne"}},"28":{"code":"28","name":{"en":"Västra Götaland","fr":"Västra Götaland"}},"07":{"code":"07","name":{"en":"Jämtland","fr":"Jämtland"}},"09":{"code":"09","name":{"en":"Kalmar","fr":"Kalmar"}},"08":{"code":"08","name":{"en":"Jönköping","fr":"Jönköping"}},"05":{"code":"05","name":{"en":"Gotland","fr":"Gotland"}},"03":{"code":"03","name":{"en":"Gävleborg","fr":"Gävleborg"}},"06":{"code":"06","name":{"en":"Halland","fr":"Halland"}},"02":{"code":"02","name":{"en":"Blekinge","fr":"Blekinge"}}}