{"12":{"code":"12","name":{"en":"Municipality of Cerklje na Gorenjskem","fr":"Cerklje na Gorenjskem"}},"14":{"code":"14","name":{"en":"Cerkno","fr":"Cerkno"}},"20":{"code":"20","name":{"en":"Dobrepolje","fr":"Dobrepolje"}},"22":{"code":"22","name":{"en":"Dol pri Ljubljani","fr":"Dol pri Ljubljani"}},"24":{"code":"24","name":{"en":"Municipality of Dornava","fr":"Dornava"}},"26":{"code":"26","name":{"en":"Duplek","fr":"Duplek"}},"27":{"code":"27","name":{"en":"Gorenja Vas-Poljane","fr":"Gorenja Vas-Poljane"}},"28":{"code":"28","name":{"en":"Občina Gorišnica","fr":"Občina Gorišnica"}},"30":{"code":"30","name":{"en":"Gornji Grad","fr":"Gornji Grad"}},"31":{"code":"31","name":{"en":"Gornji Petrovci","fr":"Gornji Petrovci"}},"35":{"code":"35","name":{"en":"Hrpelje-Kozina","fr":"Hrpelje-Kozina"}},"37":{"code":"37","name":{"en":"Ig","fr":"Ig"}},"44":{"code":"44","name":{"en":"Kanal","fr":"Kanal"}},"47":{"code":"47","name":{"en":"Kobilje","fr":"Kobilje"}},"49":{"code":"49","name":{"en":"Komen","fr":"Komen"}},"51":{"code":"51","name":{"en":"Kozje","fr":"Kozje"}},"53":{"code":"53","name":{"en":"Kranjska Gora","fr":"Kranjska Gora"}},"55":{"code":"55","name":{"en":"Kungota","fr":"Kungota"}},"62":{"code":"62","name":{"en":"Ljubno","fr":"Ljubno"}},"68":{"code":"68","name":{"en":"Lukovica","fr":"Lukovica"}},"71":{"code":"71","name":{"en":"Medvode","fr":"Medvode"}},"72":{"code":"72","name":{"en":"Občina Mengeš","fr":"Občina Mengeš"}},"76":{"code":"76","name":{"en":"Mislinja","fr":"Mislinja"}},"78":{"code":"78","name":{"en":"Municipality of Moravske Toplice","fr":"Moravske Toplice"}},"81":{"code":"81","name":{"en":"Muta","fr":"Muta"}},"82":{"code":"82","name":{"en":"Naklo","fr":"Naklo"}},"83":{"code":"83","name":{"en":"Nazarje","fr":"Nazarje"}},"86":{"code":"86","name":{"en":"Odranci","fr":"Odranci"}},"88":{"code":"88","name":{"en":"Osilnica","fr":"Osilnica"}},"89":{"code":"89","name":{"en":"Pesnica","fr":"Pesnica"}},"91":{"code":"91","name":{"en":"Pivka","fr":"Pivka"}},"92":{"code":"92","name":{"en":"Občina Podčetrtek","fr":"Občina Podčetrtek"}},"97":{"code":"97","name":{"en":"Puconci","fr":"Puconci"}},"98":{"code":"98","name":{"en":"Občina Rače-Fram","fr":"Občina Rače-Fram"}},"I7":{"code":"I7","name":{"en":"Občina Loška Dolina","fr":"Občina Loška Dolina"}},"09":{"code":"09","name":{"en":"Brezovica","fr":"Brezovica"}},"05":{"code":"05","name":{"en":"Borovnica","fr":"Borovnica"}},"E1":{"code":"E1","name":{"en":"Vipava","fr":"Vipava"}},"J5":{"code":"J5","name":{"en":"Miren-Kostanjevica","fr":"Miren-Kostanjevica"}},"07":{"code":"07","name":{"en":"Brda","fr":"Brda"}},"G4":{"code":"G4","name":{"en":"Dobrova-Polhov Gradec","fr":"Dobrova-Polhov Gradec"}},"04":{"code":"04","name":{"en":"Bohinj","fr":"Bohinj"}},"K5":{"code":"K5","name":{"en":"Preddvor","fr":"Preddvor"}},"B2":{"code":"B2","name":{"en":"Občina Šenčur","fr":"Občina Šenčur"}},"E3":{"code":"E3","name":{"en":"Vodice","fr":"Vodice"}},"I9":{"code":"I9","name":{"en":"Občina Luče","fr":"Občina Luče"}},"K8":{"code":"K8","name":{"en":"Občina Ravne na Koroškem","fr":"Občina Ravne na Koroškem"}},"E6":{"code":"E6","name":{"en":"Vuzenica","fr":"Vuzenica"}},"N3":{"code":"N3","name":{"en":"Vojnik","fr":"Vojnik"}},"E2":{"code":"E2","name":{"en":"Vitanje","fr":"Vitanje"}},"L3":{"code":"L3","name":{"en":"Občina Ruše","fr":"Občina Ruše"}},"C8":{"code":"C8","name":{"en":"Občina Starše","fr":"Občina Starše"}},"J1":{"code":"J1","name":{"en":"Občina Majšperk","fr":"Občina Majšperk"}},"N2":{"code":"N2","name":{"en":"Videm","fr":"Videm"}},"A8":{"code":"A8","name":{"en":"Rogatec","fr":"Rogatec"}},"D1":{"code":"D1","name":{"en":"Občina Sveti Jurij ob Ščavnici","fr":"Občina Sveti Jurij ob Ščavnici"}},"A1":{"code":"A1","name":{"en":"Radenci","fr":"Radenci"}},"I2":{"code":"I2","name":{"en":"Kuzma","fr":"Kuzma"}},"02":{"code":"02","name":{"en":"Beltinci","fr":"Beltinci"}},"N7":{"code":"N7","name":{"en":"Občina Žirovnica","fr":"Občina Žirovnica"}},"H5":{"code":"H5","name":{"en":"Jezersko","fr":"Jezersko"}},"M2":{"code":"M2","name":{"en":"Občina Solčava","fr":"Občina Solčava"}},"H8":{"code":"H8","name":{"en":"Komenda","fr":"Komenda"}},"H3":{"code":"H3","name":{"en":"Horjul","fr":"Horjul"}},"F6":{"code":"F6","name":{"en":"Bloke","fr":"Bloke"}},"M1":{"code":"M1","name":{"en":"Občina Sodražica","fr":"Občina Sodražica"}},"M8":{"code":"M8","name":{"en":"Trzin","fr":"Trzin"}},"K6":{"code":"K6","name":{"en":"Prevalje","fr":"Prevalje"}},"N4":{"code":"N4","name":{"en":"Vransko","fr":"Vransko"}},"M5":{"code":"M5","name":{"en":"Tabor","fr":"Tabor"}},"F7":{"code":"F7","name":{"en":"Občina Braslovče","fr":"Občina Braslovče"}},"K3":{"code":"K3","name":{"en":"Polzela","fr":"Polzela"}},"K4":{"code":"K4","name":{"en":"Prebold","fr":"Prebold"}},"H9":{"code":"H9","name":{"en":"Kostel","fr":"Kostel"}},"G6":{"code":"G6","name":{"en":"Dolenjske Toplice","fr":"Dolenjske Toplice"}},"J6":{"code":"J6","name":{"en":"Občina Mirna Peč","fr":"Občina Mirna Peč"}},"F5":{"code":"F5","name":{"en":"Bistrica ob Sotli","fr":"Bistrica ob Sotli"}},"G2":{"code":"G2","name":{"en":"Dobje","fr":"Dobje"}},"G3":{"code":"G3","name":{"en":"Municipality of Dobrna","fr":"Dobrna"}},"J8":{"code":"J8","name":{"en":"Oplotnica","fr":"Oplotnica"}},"K2":{"code":"K2","name":{"en":"Podvelka","fr":"Podvelka"}},"L2":{"code":"L2","name":{"en":"Ribnica na Pohorju","fr":"Ribnica na Pohorju"}},"I8":{"code":"I8","name":{"en":"Lovrenc na Pohorju","fr":"Lovrenc na Pohorju"}},"L5":{"code":"L5","name":{"en":"Selnica ob Dravi","fr":"Selnica ob Dravi"}},"H1":{"code":"H1","name":{"en":"Občina Hoče-Slivnica","fr":"Občina Hoče-Slivnica"}},"J4":{"code":"J4","name":{"en":"Občina Miklavž na Dravskem Polju","fr":"Občina Miklavž na Dravskem Polju"}},"G9":{"code":"G9","name":{"en":"Hajdina","fr":"Hajdina"}},"N6":{"code":"N6","name":{"en":"Občina Žetale","fr":"Občina Žetale"}},"K1":{"code":"K1","name":{"en":"Podlehnik","fr":"Podlehnik"}},"J3":{"code":"J3","name":{"en":"Markovci","fr":"Markovci"}},"G1":{"code":"G1","name":{"en":"Destrnik","fr":"Destrnik"}},"M4":{"code":"M4","name":{"en":"Občina Sveti Andraž v Slovenskih Goricah","fr":"Občina Sveti Andraž v Slovenskih Goricah"}},"F9":{"code":"F9","name":{"en":"Cerkvenjak","fr":"Cerkvenjak"}},"F4":{"code":"F4","name":{"en":"Benedikt","fr":"Benedikt"}},"M3":{"code":"M3","name":{"en":"Sveta Ana","fr":"Sveta Ana"}},"I1":{"code":"I1","name":{"en":"Občina Križevci","fr":"Občina Križevci"}},"N1":{"code":"N1","name":{"en":"Občina Veržej","fr":"Občina Veržej"}},"M9":{"code":"M9","name":{"en":"Velika Polana","fr":"Velika Polana"}},"I4":{"code":"I4","name":{"en":"Lendava","fr":"Lendava"}},"G5":{"code":"G5","name":{"en":"Dobrovnik","fr":"Dobrovnik"}}}