{"03":{"code":"03","name":{"en":"Košický kraj","fr":"Košice"}},"05":{"code":"05","name":{"en":"Prešovský kraj","fr":"Prešov"}},"08":{"code":"08","name":{"en":"Žilinský kraj","fr":"Žilina"}},"01":{"code":"01","name":{"en":"Banskobystrický kraj","fr":"Banská Bystrica"}},"02":{"code":"02","name":{"en":"Bratislavský kraj","fr":"Bratislava"}},"04":{"code":"04","name":{"en":"Nitriansky kraj","fr":"Nitra"}},"06":{"code":"06","name":{"en":"Trenčiansky kraj","fr":"Trenčín"}},"07":{"code":"07","name":{"en":"Trnavský kraj","fr":"Trnava"}}}