{"07":{"code":"07","name":{"en":"Castello di San Marino Città","fr":"San Marino"}},"01":{"code":"01","name":{"en":"Castello di Acquaviva","fr":"Acquaviva"}},"06":{"code":"06","name":{"en":"Castello di Borgo Maggiore","fr":"Borgo Maggiore"}},"03":{"code":"03","name":{"en":"Castello di Domagnano","fr":"Domagnano"}},"04":{"code":"04","name":{"en":"Castello di Faetano","fr":"Faetano"}},"05":{"code":"05","name":{"en":"Castello di Fiorentino","fr":"Fiorentino"}},"08":{"code":"08","name":{"en":"Castello di Montegiardino","fr":"Montegiardino"}},"09":{"code":"09","name":{"en":"Serravalle","fr":"Serravalle"}},"02":{"code":"02","name":{"en":"Chiesanuova","fr":"Chiesanuova"}}}