{"10":{"code":"10","name":{"en":"Kaolack","fr":"Kaolack"}},"11":{"code":"11","name":{"en":"Kolda","fr":"Kolda"}},"12":{"code":"12","name":{"en":"Ziguinchor","fr":"Ziguinchor"}},"13":{"code":"13","name":{"en":"Louga","fr":"Louga"}},"14":{"code":"14","name":{"en":"Saint-Louis","fr":"Saint-Louis"}},"15":{"code":"15","name":{"en":"Matam","fr":"Matam"}},"16":{"code":"16","name":{"en":"Région de Kaffrine","fr":"Kaffrine"}},"17":{"code":"17","name":{"en":"Région de Kédougou","fr":"Kédougou"}},"18":{"code":"18","name":{"en":"Région de Sédhiou","fr":"Sédhiou"}},"05":{"code":"05","name":{"en":"Tambacounda","fr":"Tambacounda"}},"09":{"code":"09","name":{"en":"Fatick","fr":"Fatick"}},"07":{"code":"07","name":{"en":"Région de Thiès","fr":"Thiès"}},"03":{"code":"03","name":{"en":"Diourbel","fr":"Diourbel"}},"01":{"code":"01","name":{"en":"Dakar","fr":"Dakar"}}}