{"10":{"code":"10","name":{"en":"Mudug","fr":"Mudug"}},"12":{"code":"12","name":{"en":"Sanaag","fr":"Sanaag"}},"13":{"code":"13","name":{"en":"Shabeele Dhexe Region","fr":"Shabeellaha Dhexe"}},"14":{"code":"14","name":{"en":"Lower Shabeelle","fr":"Shabeellaha Hoose"}},"18":{"code":"18","name":{"en":"Nugaal","fr":"Nugaal"}},"19":{"code":"19","name":{"en":"Togdheer","fr":"Togdheer"}},"20":{"code":"20","name":{"en":"Woqooyi Galbeed","fr":"Woqooyi Galbeed"}},"21":{"code":"21","name":{"en":"Awdal","fr":"Awdal"}},"22":{"code":"22","name":{"en":"Sool","fr":"Sool"}},"03":{"code":"03","name":{"en":"Bari","fr":"Bari"}},"08":{"code":"08","name":{"en":"Middle Juba","fr":"Jubbada Dhexe"}},"09":{"code":"09","name":{"en":"Lower Juba","fr":"Jubbada Hoose"}},"07":{"code":"07","name":{"en":"Hiiraan","fr":"Hiiraan"}},"06":{"code":"06","name":{"en":"Gedo","fr":"Gedo"}},"05":{"code":"05","name":{"en":"Galguduud","fr":"Galguduud"}},"04":{"code":"04","name":{"en":"Bay","fr":"Bay"}},"01":{"code":"01","name":{"en":"Bakool","fr":"Bakool"}},"02":{"code":"02","name":{"en":"Banaadir","fr":"Banaadir"}}}