{"10":{"code":"10","name":{"en":"Distrikt Brokopondo","fr":"Brokopondo"}},"11":{"code":"11","name":{"en":"Distrikt Commewijne","fr":"Commewijne"}},"12":{"code":"12","name":{"en":"Distrikt Coronie","fr":"Coronie"}},"13":{"code":"13","name":{"en":"Distrikt Marowijne","fr":"Marowijne"}},"14":{"code":"14","name":{"en":"Distrikt Nickerie","fr":"Nickerie"}},"15":{"code":"15","name":{"en":"Distrikt Para","fr":"Para"}},"16":{"code":"16","name":{"en":"Distrikt Paramaribo","fr":"Paramaribo"}},"17":{"code":"17","name":{"en":"Distrikt Saramacca","fr":"Saramacca"}},"18":{"code":"18","name":{"en":"Distrikt Sipaliwini","fr":"Sipaliwini"}},"19":{"code":"19","name":{"en":"Distrikt Wanica","fr":"Wanica"}}}