{"10":{"code":"10","name":{"en":"Western Equatoria","fr":"Équatoria-Occidental"}},"07":{"code":"07","name":{"en":"Upper Nile","fr":"Nil Supérieur"}},"04":{"code":"04","name":{"en":"El Buhayrat","fr":"Lacs"}},"06":{"code":"06","name":{"en":"Unity State","fr":"Unité"}},"01":{"code":"01","name":{"en":"Central Equatoria","fr":"Équatoria-Central"}},"09":{"code":"09","name":{"en":"Western Bahr el Ghazal","fr":"Bahr el Ghazal occidental"}},"03":{"code":"03","name":{"en":"Jonglei","fr":"Jonglei"}},"05":{"code":"05","name":{"en":"Northern Bahr al Ghazal","fr":"Bahr el Ghazal du Nord"}},"02":{"code":"02","name":{"en":"Eastern Equatoria","fr":"Équatoria-Oriental"}},"08":{"code":"08","name":{"en":"Warrap","fr":"Warab"}}}