{"10":{"code":"10","name":{"en":"Departamento de San Salvador","fr":"San Salvador"}},"11":{"code":"11","name":{"en":"Departamento de Santa Ana","fr":"Santa Ana"}},"12":{"code":"12","name":{"en":"Departamento de San Vicente","fr":"San Vicente"}},"13":{"code":"13","name":{"en":"Departamento de Sonsonate","fr":"Sonsonate"}},"14":{"code":"14","name":{"en":"Departamento de Usulután","fr":"Usulután"}},"09":{"code":"09","name":{"en":"Departamento de San Miguel","fr":"San Miguel"}},"08":{"code":"08","name":{"en":"Departamento de Morazán","fr":"Morazán"}},"07":{"code":"07","name":{"en":"Departamento de La Unión","fr":"La Unión"}},"06":{"code":"06","name":{"en":"Departamento de La Paz","fr":"La Paz"}},"05":{"code":"05","name":{"en":"Departamento de La Libertad","fr":"La Libertad"}},"04":{"code":"04","name":{"en":"Departamento de Cuscatlán","fr":"Cuscatlán"}},"03":{"code":"03","name":{"en":"Departamento de Chalatenango","fr":"Chalatenango"}},"02":{"code":"02","name":{"en":"Departamento de Cabañas","fr":"Cabañas"}},"01":{"code":"01","name":{"en":"Departamento de Ahuachapán","fr":"Ahuachapán"}}}