{"10":{"code":"10","name":{"en":"Hama","fr":"Hama"}},"11":{"code":"11","name":{"en":"Homs","fr":"Homs"}},"12":{"code":"12","name":{"en":"Idlib","fr":"Idlib"}},"13":{"code":"13","name":{"en":"Dimashq","fr":"Damas"}},"14":{"code":"14","name":{"en":"Tartus","fr":"Tartous"}},"01":{"code":"01","name":{"en":"Al-Hasakah","fr":"Al-Hasaka"}},"09":{"code":"09","name":{"en":"Aleppo","fr":"Alep"}},"07":{"code":"07","name":{"en":"Deir ez-Zor","fr":"Deir ez-Zor"}},"05":{"code":"05","name":{"en":"As-Suwayda","fr":"As-Suwayda"}},"04":{"code":"04","name":{"en":"Ar-Raqqah","fr":"Ar-Raqqa"}},"02":{"code":"02","name":{"en":"Latakia","fr":"Lattaquié"}},"08":{"code":"08","name":{"en":"Rif-dimashq","fr":"Rif Dimashq"}},"06":{"code":"06","name":{"en":"Daraa","fr":"Deraa"}},"03":{"code":"03","name":{"en":"Quneitra","fr":"Quneitra"}}}