{"12":{"code":"12","name":{"en":"Ouadaï","fr":"Région du Ouaddaï"}},"13":{"code":"13","name":{"en":"Salamat","fr":"Région du Salamat"}},"14":{"code":"14","name":{"en":"Tandjilé","fr":"Région du Tandjilé"}},"15":{"code":"15","name":{"en":"Chari-Baguirmi","fr":"Région du Chari-Baguirmi"}},"16":{"code":"16","name":{"en":"Mayo-Kebbi Est","fr":"Mayo-Kebbi East Region"}},"17":{"code":"17","name":{"en":"Moyen-Chari","fr":"Région du Moyen-Chari"}},"18":{"code":"18","name":{"en":"Hadjer-Lamis","fr":"Région du Hadjer-Lamis"}},"19":{"code":"19","name":{"en":"Mandoul","fr":"Région du Mandoul"}},"20":{"code":"20","name":{"en":"Mayo-Kebbi Ouest","fr":"Région du Mayo-Kébbi Ouest"}},"21":{"code":"21","name":{"en":"N’Djaména","fr":"Ville de N’Djaména"}},"22":{"code":"22","name":{"en":"Barh el Gazel","fr":"Région du Barh el Gazel"}},"23":{"code":"23","name":{"en":"Borkou","fr":"Région du Borkou"}},"25":{"code":"25","name":{"en":"Sila","fr":"Région du Sila"}},"26":{"code":"26","name":{"en":"Tibesti","fr":"Région du Tibesti"}},"27":{"code":"27","name":{"en":"Ennedi-Est","fr":"Ennedi-Est"}},"28":{"code":"28","name":{"en":"Ennedi-Ouest","fr":"Région de l’Ennedi-Ouest"}},"06":{"code":"06","name":{"en":"Kanem","fr":"Région du Kanem"}},"01":{"code":"01","name":{"en":"Batha","fr":"Région du Batha"}},"09":{"code":"09","name":{"en":"Logone Oriental","fr":"Région du Logone Oriental"}},"08":{"code":"08","name":{"en":"Logone Occidental","fr":"Région du Logone Occidental"}},"07":{"code":"07","name":{"en":"Lac","fr":"Région du Lac"}},"05":{"code":"05","name":{"en":"Guéra","fr":"Région du Guéra"}},"02":{"code":"02","name":{"en":"Wadi Fira","fr":"Région du Wadi Fira"}}}