{"10":{"code":"10","name":{"en":"Changwat Uttaradit","fr":"Changwat Uttaradit"}},"11":{"code":"11","name":{"en":"Changwat Kamphaeng Phet","fr":"Changwat Kamphaeng Phet"}},"12":{"code":"12","name":{"en":"Changwat Phitsanulok","fr":"Changwat Phitsanulok"}},"13":{"code":"13","name":{"en":"Changwat Phichit","fr":"Changwat Phichit"}},"14":{"code":"14","name":{"en":"Changwat Phetchabun","fr":"Changwat Phetchabun"}},"15":{"code":"15","name":{"en":"Changwat Uthai Thani","fr":"Changwat Uthai Thani"}},"16":{"code":"16","name":{"en":"Changwat Nakhon Sawan","fr":"Changwat Nakhon Sawan"}},"17":{"code":"17","name":{"en":"Changwat Nong Khai","fr":"Changwat Nong Khai"}},"18":{"code":"18","name":{"en":"Changwat Loei","fr":"Changwat Loei"}},"20":{"code":"20","name":{"en":"Changwat Sakon Nakhon","fr":"Changwat Sakon Nakhon"}},"22":{"code":"22","name":{"en":"Changwat Khon Kaen","fr":"Changwat Khon Kaen"}},"23":{"code":"23","name":{"en":"Changwat Kalasin","fr":"Changwat Kalasin"}},"24":{"code":"24","name":{"en":"Changwat Maha Sarakham","fr":"Changwat Maha Sarakham"}},"25":{"code":"25","name":{"en":"Changwat Roi Et","fr":"Changwat Roi Et"}},"26":{"code":"26","name":{"en":"Changwat Chaiyaphum","fr":"Changwat Chaiyaphum"}},"27":{"code":"27","name":{"en":"Changwat Nakhon Ratchasima","fr":"Changwat Nakhon Ratchasima"}},"28":{"code":"28","name":{"en":"Changwat Buriram","fr":"Changwat Buriram"}},"29":{"code":"29","name":{"en":"Changwat Surin","fr":"Changwat Surin"}},"30":{"code":"30","name":{"en":"Changwat Sisaket","fr":"Changwat Sisaket"}},"31":{"code":"31","name":{"en":"Changwat Narathiwat","fr":"Changwat Narathiwat"}},"32":{"code":"32","name":{"en":"Changwat Chai Nat","fr":"Changwat Chai Nat"}},"33":{"code":"33","name":{"en":"Changwat Sing Buri","fr":"Changwat Sing Buri"}},"34":{"code":"34","name":{"en":"Changwat Lop Buri","fr":"Changwat Lop Buri"}},"35":{"code":"35","name":{"en":"Changwat Ang Thong","fr":"Changwat Ang Thong"}},"36":{"code":"36","name":{"en":"Changwat Phra Nakhon Si Ayutthaya","fr":"Changwat Phra Nakhon Si Ayutthaya"}},"37":{"code":"37","name":{"en":"Changwat Sara Buri","fr":"Changwat Sara Buri"}},"38":{"code":"38","name":{"en":"Changwat Nonthaburi","fr":"Changwat Nonthaburi"}},"39":{"code":"39","name":{"en":"Changwat Pathum Thani","fr":"Changwat Pathum Thani"}},"40":{"code":"40","name":{"en":"Bangkok","fr":"Bangkok"}},"41":{"code":"41","name":{"en":"Changwat Phayao","fr":"Changwat Phayao"}},"42":{"code":"42","name":{"en":"Changwat Samut Prakan","fr":"Changwat Samut Prakan"}},"43":{"code":"43","name":{"en":"Changwat Nakhon Nayok","fr":"Changwat Nakhon Nayok"}},"44":{"code":"44","name":{"en":"Changwat Chachoengsao","fr":"Changwat Chachoengsao"}},"46":{"code":"46","name":{"en":"Changwat Chon Buri","fr":"Changwat Chon Buri"}},"47":{"code":"47","name":{"en":"Changwat Rayong","fr":"Changwat Rayong"}},"48":{"code":"48","name":{"en":"Changwat Chanthaburi","fr":"Changwat Chanthaburi"}},"49":{"code":"49","name":{"en":"Changwat Trat","fr":"Changwat Trat"}},"50":{"code":"50","name":{"en":"Changwat Kanchanaburi","fr":"Changwat Kanchanaburi"}},"51":{"code":"51","name":{"en":"Changwat Suphan Buri","fr":"Changwat Suphan Buri"}},"52":{"code":"52","name":{"en":"Changwat Ratchaburi","fr":"Changwat Ratchaburi"}},"53":{"code":"53","name":{"en":"Changwat Nakhon Pathom","fr":"Changwat Nakhon Pathom"}},"54":{"code":"54","name":{"en":"Changwat Samut Songkhram","fr":"Changwat Samut Songkhram"}},"55":{"code":"55","name":{"en":"Changwat Samut Sakhon","fr":"Changwat Samut Sakhon"}},"56":{"code":"56","name":{"en":"Changwat Phetchaburi","fr":"Changwat Phetchaburi"}},"57":{"code":"57","name":{"en":"Changwat Prachuap Khiri Khan","fr":"Changwat Prachuap Khiri Khan"}},"58":{"code":"58","name":{"en":"Changwat Chumphon","fr":"Changwat Chumphon"}},"59":{"code":"59","name":{"en":"Changwat Ranong","fr":"Changwat Ranong"}},"60":{"code":"60","name":{"en":"Changwat Surat Thani","fr":"Changwat Surat Thani"}},"61":{"code":"61","name":{"en":"Changwat Phangnga","fr":"Changwat Phangnga"}},"62":{"code":"62","name":{"en":"Phuket","fr":"Phuket Province"}},"63":{"code":"63","name":{"en":"Changwat Krabi","fr":"Changwat Krabi"}},"64":{"code":"64","name":{"en":"Changwat Nakhon Si Thammarat","fr":"Changwat Nakhon Si Thammarat"}},"65":{"code":"65","name":{"en":"Changwat Trang","fr":"Changwat Trang"}},"66":{"code":"66","name":{"en":"Changwat Phatthalung","fr":"Changwat Phatthalung"}},"67":{"code":"67","name":{"en":"Changwat Satun","fr":"Changwat Satun"}},"68":{"code":"68","name":{"en":"Changwat Songkhla","fr":"Changwat Songkhla"}},"69":{"code":"69","name":{"en":"Changwat Pattani","fr":"Changwat Pattani"}},"70":{"code":"70","name":{"en":"Changwat Yala","fr":"Changwat Yala"}},"72":{"code":"72","name":{"en":"Changwat Yasothon","fr":"Changwat Yasothon"}},"73":{"code":"73","name":{"en":"Changwat Nakhon Phanom","fr":"Changwat Nakhon Phanom"}},"74":{"code":"74","name":{"en":"Changwat Prachin Buri","fr":"Changwat Prachin Buri"}},"75":{"code":"75","name":{"en":"Changwat Ubon Ratchathani","fr":"Changwat Ubon Ratchathani"}},"76":{"code":"76","name":{"en":"Changwat Udon Thani","fr":"Changwat Udon Thani"}},"77":{"code":"77","name":{"en":"Changwat Amnat Charoen","fr":"Changwat Amnat Charoen"}},"78":{"code":"78","name":{"en":"Changwat Mukdahan","fr":"Changwat Mukdahan"}},"79":{"code":"79","name":{"en":"Changwat Nong Bua Lamphu","fr":"Changwat Nong Bua Lamphu"}},"80":{"code":"80","name":{"en":"Changwat Sa Kaeo","fr":"Changwat Sa Kaeo"}},"81":{"code":"81","name":{"en":"Changwat Bueng Kan","fr":"Changwat Bueng Kan"}},"04":{"code":"04","name":{"en":"Changwat Nan","fr":"Changwat Nan"}},"01":{"code":"01","name":{"en":"Changwat Mae Hong Son","fr":"Changwat Mae Hong Son"}},"06":{"code":"06","name":{"en":"Changwat Lampang","fr":"Changwat Lampang"}},"03":{"code":"03","name":{"en":"Changwat Chiang Rai","fr":"Changwat Chiang Rai"}},"02":{"code":"02","name":{"en":"Chiang Mai Province","fr":"Chiang Mai Province"}},"08":{"code":"08","name":{"en":"Changwat Tak","fr":"Changwat Tak"}},"09":{"code":"09","name":{"en":"Changwat Sukhothai","fr":"Changwat Sukhothai"}},"07":{"code":"07","name":{"en":"Changwat Phrae","fr":"Changwat Phrae"}},"05":{"code":"05","name":{"en":"Changwat Lamphun","fr":"Changwat Lamphun"}}}