{"BO":{"code":"BO","name":{"en":"Bobonaro","fr":"Bobonaro"}},"BA":{"code":"BA","name":{"en":"Baucau","fr":"Baucau"}},"OE":{"code":"OE","name":{"en":"Oecusse","fr":"Oecusse"}},"AN":{"code":"AN","name":{"en":"Ainaro","fr":"Ainaro"}},"AL":{"code":"AL","name":{"en":"Aileu","fr":"Aileu"}},"CO":{"code":"CO","name":{"en":"Cova Lima","fr":"Cova Lima"}},"ER":{"code":"ER","name":{"en":"Ermera District","fr":"Ermera"}},"DI":{"code":"DI","name":{"en":"Díli","fr":"Dili"}},"MF":{"code":"MF","name":{"en":"Manufahi","fr":"Manufahi"}},"MT":{"code":"MT","name":{"en":"Manatuto","fr":"Manatuto"}},"LI":{"code":"LI","name":{"en":"Liquiçá","fr":"Liquiçá"}},"LA":{"code":"LA","name":{"en":"Lautém","fr":"Lautém"}},"VI":{"code":"VI","name":{"en":"Viqueque","fr":"Viqueque"}}}