{"14":{"code":"14","name":{"en":"Gouvernorat de Kef","fr":"Kef"}},"15":{"code":"15","name":{"en":"Gouvernorat de Mahdia","fr":"Mahdia"}},"16":{"code":"16","name":{"en":"Gouvernorat de Monastir","fr":"Monastir"}},"17":{"code":"17","name":{"en":"Gouvernorat de Béja","fr":"Béja"}},"18":{"code":"18","name":{"en":"Gouvernorat de Bizerte","fr":"Bizerte"}},"19":{"code":"19","name":{"en":"Gouvernorat de Nabeul","fr":"Nabeul"}},"22":{"code":"22","name":{"en":"Gouvernorat de Siliana","fr":"Siliana"}},"23":{"code":"23","name":{"en":"Gouvernorat de Sousse","fr":"Sousse"}},"27":{"code":"27","name":{"en":"Gouvernorat de Ben Arous","fr":"Ben Arous"}},"28":{"code":"28","name":{"en":"Gouvernorat de Médenine","fr":"Médenine"}},"29":{"code":"29","name":{"en":"Gouvernorat de Gabès","fr":"Gabès"}},"30":{"code":"30","name":{"en":"Gafsa","fr":"Gafsa"}},"31":{"code":"31","name":{"en":"Gouvernorat de Kébili","fr":"Kebili"}},"32":{"code":"32","name":{"en":"Gouvernorat de Sfax","fr":"Sfax"}},"33":{"code":"33","name":{"en":"Gouvernorat de Sidi Bouzid","fr":"Sidi Bou Zid"}},"34":{"code":"34","name":{"en":"Tataouine","fr":"Tataouine"}},"35":{"code":"35","name":{"en":"Gouvernorat de Tozeur","fr":"Tozeur"}},"36":{"code":"36","name":{"en":"Gouvernorat de Tunis","fr":"Tunis"}},"37":{"code":"37","name":{"en":"Gouvernorat de Zaghouan","fr":"Zaghouan"}},"38":{"code":"38","name":{"en":"Gouvernorat de l’Ariana","fr":"Ariana"}},"39":{"code":"39","name":{"en":"Manouba","fr":"Manouba"}},"03":{"code":"03","name":{"en":"Gouvernorat de Kairouan","fr":"Kairouan"}},"02":{"code":"02","name":{"en":"Gouvernorat de Kasserine","fr":"Kasserine"}},"06":{"code":"06","name":{"en":"Gouvernorat de Jendouba","fr":"Jendouba"}}}