{"10":{"code":"10","name":{"en":"City of San Fernando","fr":"San Fernando"}},"11":{"code":"11","name":{"en":"Tobago","fr":"Tobago"}},"05":{"code":"05","name":{"en":"City of Port of Spain","fr":"Port-d'Espagne"}},"03":{"code":"03","name":{"en":"Mayaro","fr":"Rio Claro-Mayaro"}},"01":{"code":"01","name":{"en":"Borough of Arima","fr":"Arima"}},"CHA":{"code":"CHA","name":{"en":"Chaguanas","fr":"Chaguanas"}},"CTT":{"code":"CTT","name":{"en":"Couva-Tabaquite-Talparo","fr":"Couva-Tabaquite-Talparo"}},"DMN":{"code":"DMN","name":{"en":"Diego Martin","fr":"Diego Martin"}},"ETO":{"code":"ETO","name":{"en":"Eastern Tobago","fr":"Eastern Tobago"}},"PED":{"code":"PED","name":{"en":"Penal/Debe","fr":"Penal-Debe"}},"PRT":{"code":"PRT","name":{"en":"Princes Town","fr":"Princes Town"}},"PTF":{"code":"PTF","name":{"en":"Point Fortin","fr":"Point Fortin"}},"SGE":{"code":"SGE","name":{"en":"Sangre Grande","fr":"Sangre Grande"}},"SIP":{"code":"SIP","name":{"en":"Siparia","fr":"Siparia"}},"SJL":{"code":"SJL","name":{"en":"San Juan/Laventille","fr":"San Juan-Laventille"}},"TUP":{"code":"TUP","name":{"en":"Tunapuna/Piarco","fr":"Tunapuna-Piarco"}}}