{"10":{"code":"10","name":{"en":"Morogoro","fr":"Morogoro Region"}},"11":{"code":"11","name":{"en":"Mtwara","fr":"Mtwara Region"}},"12":{"code":"12","name":{"en":"Mwanza","fr":"Mwanza Region"}},"13":{"code":"13","name":{"en":"Pemba North","fr":"Pemba North Region"}},"14":{"code":"14","name":{"en":"Ruvuma","fr":"Ruvuma Region"}},"15":{"code":"15","name":{"en":"Shinyanga","fr":"Shinyanga Region"}},"16":{"code":"16","name":{"en":"Singida","fr":"Singida Region"}},"17":{"code":"17","name":{"en":"Tabora","fr":"Tabora Region"}},"18":{"code":"18","name":{"en":"Tanga","fr":"Tanga Region"}},"19":{"code":"19","name":{"en":"Kagera","fr":"Kagera Region"}},"20":{"code":"20","name":{"en":"Pemba South","fr":"Pemba South Region"}},"21":{"code":"21","name":{"en":"Zanzibar Central/South","fr":"Zanzibar Central/South Region"}},"22":{"code":"22","name":{"en":"Zanzibar North","fr":"Zanzibar North Region"}},"23":{"code":"23","name":{"en":"Dar es Salaam Region","fr":"Dar es Salaam Region"}},"24":{"code":"24","name":{"en":"Rukwa","fr":"Rukwa Region"}},"25":{"code":"25","name":{"en":"Zanzibar Urban/West","fr":"Zanzibar Urban/West Region"}},"26":{"code":"26","name":{"en":"Arusha","fr":"Arusha Region"}},"27":{"code":"27","name":{"en":"Manyara","fr":"Manyara Region"}},"28":{"code":"28","name":{"en":"Geita","fr":"Geita Region"}},"29":{"code":"29","name":{"en":"Katavi","fr":"Katavi Region"}},"30":{"code":"30","name":{"en":"Njombe","fr":"Njombe Region"}},"31":{"code":"31","name":{"en":"Simiyu","fr":"Simiyu Region"}},"09":{"code":"09","name":{"en":"Mbeya","fr":"Mbeya Region"}},"07":{"code":"07","name":{"en":"Lindi","fr":"Lindi Region"}},"05":{"code":"05","name":{"en":"Kigoma","fr":"Kigoma Region"}},"04":{"code":"04","name":{"en":"Iringa","fr":"Iringa Region"}},"02":{"code":"02","name":{"en":"Pwani","fr":"Coast Region"}},"08":{"code":"08","name":{"en":"Mara","fr":"Mara Region"}},"06":{"code":"06","name":{"en":"Kilimanjaro","fr":"Kilimanjaro Region"}},"03":{"code":"03","name":{"en":"Dodoma","fr":"Dodoma Region"}}}