{"10":{"code":"10","name":{"en":"Kirovohrads’ka Oblast’","fr":"Oblast de Kirovohrad"}},"11":{"code":"11","name":{"en":"Republic of Crimea","fr":"République autonome de Crimée"}},"12":{"code":"12","name":{"en":"Kyiv City","fr":"Municipalité de Kiev"}},"13":{"code":"13","name":{"en":"Kiev","fr":"Oblast de Kyiv"}},"14":{"code":"14","name":{"en":"Luhans’ka Oblast’","fr":"Oblast de Louhansk"}},"15":{"code":"15","name":{"en":"L’vivs’ka Oblast’","fr":"Oblast de Lviv"}},"16":{"code":"16","name":{"en":"Mykolayivs’ka Oblast’","fr":"Oblast de Mykolaïv"}},"17":{"code":"17","name":{"en":"Odessa","fr":"Oblast d'Odessa"}},"18":{"code":"18","name":{"en":"Poltavs’ka Oblast’","fr":"Oblast de Poltava"}},"19":{"code":"19","name":{"en":"Rivnens’ka Oblast’","fr":"Oblast de Rivne"}},"20":{"code":"20","name":{"en":"Gorod Sevastopol","fr":"Municipalité de Sébastopol"}},"21":{"code":"21","name":{"en":"Sums’ka Oblast’","fr":"Oblast de Soumy"}},"22":{"code":"22","name":{"en":"Ternopil’s’ka Oblast’","fr":"Oblast de Ternopil"}},"23":{"code":"23","name":{"en":"Vinnyts’ka Oblast’","fr":"Oblast de Vinnytsia"}},"24":{"code":"24","name":{"en":"Volyns’ka Oblast’","fr":"Oblast de Volhynie"}},"25":{"code":"25","name":{"en":"Zakarpattia Oblast","fr":"Oblast de Transcarpatie"}},"26":{"code":"26","name":{"en":"Zaporizhia","fr":"Oblast de Zaporijia"}},"27":{"code":"27","name":{"en":"Zhytomyrs’ka Oblast’","fr":"Oblast de Jytomyr"}},"03":{"code":"03","name":{"en":"Chernivtsi","fr":"Oblast de Tchernivtsi"}},"02":{"code":"02","name":{"en":"Chernihiv","fr":"Oblast de Tchernihiv"}},"01":{"code":"01","name":{"en":"Cherkas’ka Oblast’","fr":"Oblast de Tcherkassy"}},"09":{"code":"09","name":{"en":"Khmel’nyts’ka Oblast’","fr":"Oblast de Khmelnitski"}},"08":{"code":"08","name":{"en":"Khersons’ka Oblast’","fr":"Oblast de Kherson"}},"07":{"code":"07","name":{"en":"Kharkivs’ka Oblast’","fr":"Oblast de Kharkiv"}},"06":{"code":"06","name":{"en":"Ivano-Frankivs’ka Oblast’","fr":"Oblast d'Ivano-Frankivsk"}},"05":{"code":"05","name":{"en":"Donets’ka Oblast’","fr":"Oblast de Donetsk"}},"04":{"code":"04","name":{"en":"Dnipropetrovska Oblast'","fr":"Oblast de Dnipropetrovsk"}}}