{"100":{"code":"100","name":{"en":"Howland Island","fr":"Howland Island"}},"150":{"code":"150","name":{"en":"Jarvis Island","fr":"Jarvis Island"}},"200":{"code":"200","name":{"en":"Johnston Atoll","fr":"Johnston Atoll"}},"250":{"code":"250","name":{"en":"Kingman Reef","fr":"Kingman Reef"}},"300":{"code":"300","name":{"en":"Midway Islands","fr":"Midway Islands"}},"350":{"code":"350","name":{"en":"Navassa Island","fr":"Île de Navassa"}},"400":{"code":"400","name":{"en":"Palmyra Atoll","fr":"Palmyra Atoll"}},"450":{"code":"450","name":{"en":"Wake Island","fr":"Île Wake"}},"050":{"code":"050","name":{"en":"Baker Island","fr":"Île Baker"}}}