{"450":{"code":"450","name":{"en":"Wake Island","fr":"Île Wake"}},"OK":{"code":"OK","name":{"en":"Oklahoma","fr":"Oklahoma"}},"NC":{"code":"NC","name":{"en":"North Carolina","fr":"Caroline du Nord"}},"TX":{"code":"TX","name":{"en":"Texas","fr":"Texas"}},"MO":{"code":"MO","name":{"en":"Missouri","fr":"Missouri"}},"NM":{"code":"NM","name":{"en":"New Mexico","fr":"Nouveau-Mexique"}},"NV":{"code":"NV","name":{"en":"Nevada","fr":"Nevada"}},"MT":{"code":"MT","name":{"en":"Montana","fr":"Montana"}},"AK":{"code":"AK","name":{"en":"Alaska","fr":"Alaska"}},"HI":{"code":"HI","name":{"en":"Hawaii","fr":"Hawaï"}},"OR":{"code":"OR","name":{"en":"Oregon","fr":"Oregon"}},"WY":{"code":"WY","name":{"en":"Wyoming","fr":"Wyoming"}},"ID":{"code":"ID","name":{"en":"Idaho","fr":"Idaho"}},"AZ":{"code":"AZ","name":{"en":"Arizona","fr":"Arizona"}},"WI":{"code":"WI","name":{"en":"Wisconsin","fr":"Wisconsin"}},"CO":{"code":"CO","name":{"en":"Colorado","fr":"Colorado"}},"MI":{"code":"MI","name":{"en":"Michigan","fr":"Michigan"}},"CA":{"code":"CA","name":{"en":"California","fr":"Californie"}},"NY":{"code":"NY","name":{"en":"New York","fr":"New York"}},"MN":{"code":"MN","name":{"en":"Minnesota","fr":"Minnesota"}},"FL":{"code":"FL","name":{"en":"Florida","fr":"Floride"}},"TN":{"code":"TN","name":{"en":"Tennessee","fr":"Tennessee"}},"SC":{"code":"SC","name":{"en":"South Carolina","fr":"Caroline du Sud"}},"MS":{"code":"MS","name":{"en":"Mississippi","fr":"Mississippi"}},"IA":{"code":"IA","name":{"en":"Iowa","fr":"Iowa"}},"IL":{"code":"IL","name":{"en":"Illinois","fr":"Illinois"}},"LA":{"code":"LA","name":{"en":"Louisiana","fr":"Louisiane"}},"WV":{"code":"WV","name":{"en":"West Virginia","fr":"Virginie-Occidentale"}},"AL":{"code":"AL","name":{"en":"Alabama","fr":"Alabama"}},"SD":{"code":"SD","name":{"en":"South Dakota","fr":"Dakota du Sud"}},"ND":{"code":"ND","name":{"en":"North Dakota","fr":"Dakota du Nord"}},"UT":{"code":"UT","name":{"en":"Utah","fr":"Utah"}},"WA":{"code":"WA","name":{"en":"Washington","fr":"Washington"}},"ME":{"code":"ME","name":{"en":"Maine","fr":"Maine"}},"NE":{"code":"NE","name":{"en":"Nebraska","fr":"Nebraska"}},"OH":{"code":"OH","name":{"en":"Ohio","fr":"Ohio"}},"IN":{"code":"IN","name":{"en":"Indiana","fr":"Indiana"}},"KY":{"code":"KY","name":{"en":"Kentucky","fr":"Kentucky"}},"PA":{"code":"PA","name":{"en":"Pennsylvania","fr":"Pennsylvanie"}},"VA":{"code":"VA","name":{"en":"Virginia","fr":"Virginie"}},"AR":{"code":"AR","name":{"en":"Arkansas","fr":"Arkansas"}},"GA":{"code":"GA","name":{"en":"Georgia","fr":"Géorgie"}},"KS":{"code":"KS","name":{"en":"Kansas","fr":"Kansas"}},"MD":{"code":"MD","name":{"en":"Maryland","fr":"Maryland"}},"CT":{"code":"CT","name":{"en":"Connecticut","fr":"Connecticut"}},"VT":{"code":"VT","name":{"en":"Vermont","fr":"Vermont"}},"NH":{"code":"NH","name":{"en":"New Hampshire","fr":"New Hampshire"}},"NJ":{"code":"NJ","name":{"en":"New Jersey","fr":"New Jersey"}},"MA":{"code":"MA","name":{"en":"Massachusetts","fr":"Massachusetts"}},"DE":{"code":"DE","name":{"en":"Delaware","fr":"Delaware"}},"RI":{"code":"RI","name":{"en":"Rhode Island","fr":"Rhode Island"}},"DC":{"code":"DC","name":{"en":"Washington, D.C.","fr":"District of Columbia"}}}