{"10":{"code":"10","name":{"en":"Departamento de Montevideo","fr":"Departamento de Montevideo"}},"11":{"code":"11","name":{"en":"Departamento de Paysandú","fr":"Departamento de Paysandú"}},"12":{"code":"12","name":{"en":"Departamento de Río Negro","fr":"Departamento de Río Negro"}},"13":{"code":"13","name":{"en":"Departamento de Rivera","fr":"Departamento de Rivera"}},"14":{"code":"14","name":{"en":"Departamento de Rocha","fr":"Departamento de Rocha"}},"15":{"code":"15","name":{"en":"Departamento de Salto","fr":"Departamento de Salto"}},"16":{"code":"16","name":{"en":"Departamento de San José","fr":"Departamento de San José"}},"17":{"code":"17","name":{"en":"Soriano","fr":"Soriano"}},"18":{"code":"18","name":{"en":"Departamento de Tacuarembó","fr":"Departamento de Tacuarembó"}},"19":{"code":"19","name":{"en":"Departamento de Treinta y Tres","fr":"Departamento de Treinta y Tres"}},"09":{"code":"09","name":{"en":"Maldonado","fr":"Maldonado"}},"08":{"code":"08","name":{"en":"Lavalleja","fr":"Lavalleja"}},"07":{"code":"07","name":{"en":"Florida","fr":"Florida"}},"05":{"code":"05","name":{"en":"Departamento de Durazno","fr":"Departamento de Durazno"}},"04":{"code":"04","name":{"en":"Colonia","fr":"Colonia"}},"03":{"code":"03","name":{"en":"Cerro Largo","fr":"Cerro Largo"}},"01":{"code":"01","name":{"en":"Artigas","fr":"Artigas"}},"06":{"code":"06","name":{"en":"Departamento de Flores","fr":"Departamento de Flores"}},"02":{"code":"02","name":{"en":"Canelones","fr":"Canelones"}}}