{"10":{"code":"10","name":{"en":"Samarqand Viloyati","fr":"Samarqand Viloyati"}},"12":{"code":"12","name":{"en":"Surxondaryo Viloyati","fr":"Surxondaryo Viloyati"}},"13":{"code":"13","name":{"en":"Toshkent Shahri","fr":"Toshkent Shahri"}},"14":{"code":"14","name":{"en":"Toshkent Viloyati","fr":"Toshkent Viloyati"}},"15":{"code":"15","name":{"en":"Jizzakh Province","fr":"Jizzakh Province"}},"16":{"code":"16","name":{"en":"Sirdaryo","fr":"Sirdaryo"}},"07":{"code":"07","name":{"en":"Navoiy Province","fr":"Navoiy Province"}},"06":{"code":"06","name":{"en":"Namangan","fr":"Namangan Province"}},"05":{"code":"05","name":{"en":"Xorazm Viloyati","fr":"Xorazm Viloyati"}},"03":{"code":"03","name":{"en":"Fergana","fr":"Fergana"}},"08":{"code":"08","name":{"en":"Qashqadaryo","fr":"Qashqadaryo Province"}},"02":{"code":"02","name":{"en":"Bukhara","fr":"Bukhara Province"}},"09":{"code":"09","name":{"en":"Karakalpakstan","fr":"Karakalpakstan"}},"01":{"code":"01","name":{"en":"Andijan","fr":"Andijan"}}}