{"11":{"code":"11","name":{"en":"Falcón","fr":"Estado Falcón"}},"12":{"code":"12","name":{"en":"Guárico","fr":"Estado Guárico"}},"13":{"code":"13","name":{"en":"Lara","fr":"Estado Lara"}},"14":{"code":"14","name":{"en":"Mérida","fr":"Estado Mérida"}},"15":{"code":"15","name":{"en":"Miranda","fr":"Miranda"}},"16":{"code":"16","name":{"en":"Monagas","fr":"Estado Monagas"}},"17":{"code":"17","name":{"en":"Nueva Esparta","fr":"Estado Nueva Esparta"}},"18":{"code":"18","name":{"en":"Portuguesa","fr":"Estado Portuguesa"}},"19":{"code":"19","name":{"en":"Sucre","fr":"Estado Sucre"}},"20":{"code":"20","name":{"en":"Táchira","fr":"Estado Táchira"}},"21":{"code":"21","name":{"en":"Trujillo","fr":"Estado Trujillo"}},"22":{"code":"22","name":{"en":"Yaracuy","fr":"Estado Yaracuy"}},"23":{"code":"23","name":{"en":"Zulia","fr":"Estado Zulia"}},"24":{"code":"24","name":{"en":"Dependencias Federales","fr":"Dependencias Federales"}},"25":{"code":"25","name":{"en":"Capital","fr":"District capitale de Caracas"}},"26":{"code":"26","name":{"en":"Vargas","fr":"Estado Vargas"}},"06":{"code":"06","name":{"en":"Bolívar","fr":"Estado Bolívar"}},"01":{"code":"01","name":{"en":"Amazonas","fr":"Estado Amazonas"}},"05":{"code":"05","name":{"en":"Barinas","fr":"Estado Barinas"}},"03":{"code":"03","name":{"en":"Apure","fr":"Estado Apure"}},"02":{"code":"02","name":{"en":"Anzoátegui","fr":"Estado Anzoátegui"}},"09":{"code":"09","name":{"en":"Delta Amacuro","fr":"Delta de l'Orénoque"}},"08":{"code":"08","name":{"en":"Cojedes","fr":"Estado Cojedes"}},"04":{"code":"04","name":{"en":"Aragua","fr":"Estado Aragua"}},"07":{"code":"07","name":{"en":"Carabobo","fr":"Estado Carabobo"}}}