{"10":{"code":"10","name":{"en":"Tuamasaga","fr":"Tuamasaga"}},"11":{"code":"11","name":{"en":"Vaisigano","fr":"Vaisigano"}},"06":{"code":"06","name":{"en":"Va‘a-o-Fonoti","fr":"Va'a-o-Fonoti"}},"09":{"code":"09","name":{"en":"Satupa‘itea","fr":"Satupa'itea"}},"08":{"code":"08","name":{"en":"Palauli","fr":"Palauli"}},"07":{"code":"07","name":{"en":"Gagaifomauga","fr":"Gaga'ifomauga"}},"05":{"code":"05","name":{"en":"Gaga‘emauga","fr":"Gaga'emauga"}},"04":{"code":"04","name":{"en":"Fa‘asaleleaga","fr":"Fa'asaleleaga"}},"03":{"code":"03","name":{"en":"Atua","fr":"Atua"}},"02":{"code":"02","name":{"en":"Aiga-i-le-Tai","fr":"Aiga-i-le-Tai"}},"01":{"code":"01","name":{"en":"A'ana","fr":"A'ana"}}}