{"10096138":{"code":"10096138","name":{"en":"Ferizaj","fr":"Ferizaj/Uroševac"}},"10096859":{"code":"10096859","name":{"en":"Gjakova","fr":"Gjakovë/Đakovica"}},"10097357":{"code":"10097357","name":{"en":"Gjilan","fr":"Gjilan/Gnjilane"}},"10097358":{"code":"10097358","name":{"en":"Mitrovica","fr":"Mitrovicë/Kosovska Mitrovica"}},"10097359":{"code":"10097359","name":{"en":"Pec","fr":"Pejë/Peć"}},"10097360":{"code":"10097360","name":{"en":"Pristina","fr":"Pristina"}},"10097361":{"code":"10097361","name":{"en":"Prizren","fr":"Prizren"}}}