{"10":{"code":"10","name":{"en":"Al Maḩwīt","fr":"Al Mahwit"}},"11":{"code":"11","name":{"en":"Dhamār","fr":"Dhamar"}},"14":{"code":"14","name":{"en":"Ma’rib","fr":"Ma'rib"}},"15":{"code":"15","name":{"en":"Şa‘dah","fr":"Sa'dah"}},"16":{"code":"16","name":{"en":"Sanaa","fr":"Sanaa"}},"18":{"code":"18","name":{"en":"Aḑ Ḑāli‘","fr":"Ad Dali'"}},"19":{"code":"19","name":{"en":"Omran","fr":"Amran"}},"20":{"code":"20","name":{"en":"Muḩāfaz̧at al Bayḑā’","fr":"Al Bayda'"}},"21":{"code":"21","name":{"en":"Al Jawf","fr":"Al Jawf"}},"22":{"code":"22","name":{"en":"Ḩajjah","fr":"Hajjah"}},"23":{"code":"23","name":{"en":"Ibb","fr":"Ibb"}},"24":{"code":"24","name":{"en":"Laḩij","fr":"Lahij"}},"25":{"code":"25","name":{"en":"Ta‘izz","fr":"Ta'izz"}},"26":{"code":"26","name":{"en":"Amanat Al Asimah","fr":"Amanat Al-Asemah"}},"27":{"code":"27","name":{"en":"Raymah","fr":"Raima"}},"28":{"code":"28","name":{"en":"Soqatra Governorate","fr":"Socotra"}},"04":{"code":"04","name":{"en":"Muḩāfaz̧at Ḩaḑramawt","fr":"Hadramaout"}},"03":{"code":"03","name":{"en":"Al Mahrah","fr":"Al Mahra"}},"05":{"code":"05","name":{"en":"Shabwah","fr":"Shabwah"}},"08":{"code":"08","name":{"en":"Muḩāfaz̧at al Ḩudaydah","fr":"Al Hudaydah"}},"01":{"code":"01","name":{"en":"Muḩāfaz̧at Abyan","fr":"Abyan"}},"02":{"code":"02","name":{"en":"Aden","fr":"Aden"}}}