{"97601":{"code":"97601","name":{"en":"Acoua","fr":"Acoua"}},"97602":{"code":"97602","name":{"en":"Bandraboua","fr":"Bandraboua"}},"97603":{"code":"97603","name":{"en":"Bandrele","fr":"Bandrele"}},"97604":{"code":"97604","name":{"en":"Bouéni","fr":"Bouéni"}},"97605":{"code":"97605","name":{"en":"Chiconi","fr":"Chiconi"}},"97606":{"code":"97606","name":{"en":"Chirongui","fr":"Chirongui"}},"97607":{"code":"97607","name":{"en":"Dembeni","fr":"Dembeni"}},"97608":{"code":"97608","name":{"en":"Dzaoudzi","fr":"Dzaoudzi"}},"97609":{"code":"97609","name":{"en":"Kani-Kéli","fr":"Kani-Kéli"}},"97610":{"code":"97610","name":{"en":"Koungou","fr":"Koungou"}},"97611":{"code":"97611","name":{"en":"Mamoudzou","fr":"Mamoudzou"}},"97612":{"code":"97612","name":{"en":"Mtsamboro","fr":"Mtsamboro"}},"97613":{"code":"97613","name":{"en":"M'Tsangamouji","fr":"M'Tsangamouji"}},"97614":{"code":"97614","name":{"en":"Ouangani","fr":"Ouangani"}},"97615":{"code":"97615","name":{"en":"Pamandzi","fr":"Pamandzi"}},"97616":{"code":"97616","name":{"en":"Sada","fr":"Sada"}},"97617":{"code":"97617","name":{"en":"Tsingoni","fr":"Tsingoni"}}}