{"10":{"code":"10","name":{"en":"Province of North West","fr":"Province of North West"}},"11":{"code":"11","name":{"en":"Province of the Western Cape","fr":"Province of the Western Cape"}},"05":{"code":"05","name":{"en":"Eastern Cape","fr":"Cap oriental"}},"08":{"code":"08","name":{"en":"Northern Cape","fr":"Province of Northern Cape"}},"07":{"code":"07","name":{"en":"Mpumalanga","fr":"Mpumalanga"}},"09":{"code":"09","name":{"en":"Limpopo","fr":"Limpopo Province"}},"03":{"code":"03","name":{"en":"Orange Free State","fr":"Free State"}},"02":{"code":"02","name":{"en":"KwaZulu-Natal","fr":"Province of KwaZulu-Natal"}},"06":{"code":"06","name":{"en":"Gauteng","fr":"Gauteng"}}}