{"10":{"code":"10","name":{"en":"Muchinga Province","fr":"Muchinga Province"}},"06":{"code":"06","name":{"en":"North-Western Province","fr":"North-Western Province"}},"05":{"code":"05","name":{"en":"Northern Province","fr":"Northern Province"}},"02":{"code":"02","name":{"en":"Central Province","fr":"Central Province"}},"01":{"code":"01","name":{"en":"Western Province","fr":"Western Province"}},"04":{"code":"04","name":{"en":"Luapula Province","fr":"Luapula Province"}},"07":{"code":"07","name":{"en":"Southern Province","fr":"Southern Province"}},"03":{"code":"03","name":{"en":"Eastern Province","fr":"Eastern Province"}},"09":{"code":"09","name":{"en":"Lusaka Province","fr":"Lusaka Province"}},"08":{"code":"08","name":{"en":"Copperbelt","fr":"Province de Copperbelt"}}}