{"10":{"code":"10","name":{"en":"Harare","fr":"Harare"}},"02":{"code":"02","name":{"en":"Midlands Province","fr":"Midlands"}},"07":{"code":"07","name":{"en":"Matabeleland South Province","fr":"Matabeleland Méridional"}},"06":{"code":"06","name":{"en":"Matabeleland North","fr":"Matabeleland Septentrional"}},"08":{"code":"08","name":{"en":"Masvingo Province","fr":"Masvingo"}},"05":{"code":"05","name":{"en":"Mashonaland West","fr":"Mashonaland Occidental"}},"04":{"code":"04","name":{"en":"Mashonaland East Province","fr":"Mashonaland Oriental"}},"03":{"code":"03","name":{"en":"Mashonaland Central","fr":"Mashonaland Central"}},"01":{"code":"01","name":{"en":"Manicaland","fr":"Manicaland"}},"09":{"code":"09","name":{"en":"Bulawayo","fr":"Bulawayo"}}}