{"001":{"material_no":"001","products":[],"description":{"title":"maritime-natural-001","subtitle":"","body":"","image":"https:\/\/badb0x.akr.club\/wp-includes\/images\/media\/default.png","material_no":"001"}},"002":{"material_no":"002","products":[],"description":{"title":"Variation #37202 of maritime-test","subtitle":"","body":"","image":"https:\/\/badb0x.akr.club\/wp-includes\/images\/media\/default.png","material_no":"002"}},"003":{"material_no":"003","products":[],"description":{"title":"Variation #37201 of maritime-test","subtitle":"","body":"","image":"https:\/\/badb0x.akr.club\/wp-includes\/images\/media\/default.png","material_no":"003"}},"004":{"material_no":"004","products":[],"description":{"title":"Variation #37200 of maritime-test","subtitle":"","body":"","image":"https:\/\/badb0x.akr.club\/wp-includes\/images\/media\/default.png","material_no":"004"}},"005":{"material_no":"005","products":[],"description":{"title":"maritime-natural-005","subtitle":"","body":"","image":"https:\/\/badb0x.akr.club\/wp-includes\/images\/media\/default.png","material_no":"005"}},"006":{"material_no":"006","products":[],"description":{"title":"maritime-natural-006","subtitle":"","body":"","image":"https:\/\/badb0x.akr.club\/wp-includes\/images\/media\/default.png","material_no":"006"}},"007":{"material_no":"007","products":[],"description":{"title":"maritime-natural-007","subtitle":"","body":"","image":"https:\/\/badb0x.akr.club\/wp-includes\/images\/media\/default.png","material_no":"007"}},"008":{"material_no":"008","products":[],"description":{"title":"maritime-natural-008","subtitle":"","body":"","image":"https:\/\/badb0x.akr.club\/wp-includes\/images\/media\/default.png","material_no":"008"}},"009":{"material_no":"009","products":[],"description":{"title":"maritime-natural-009","subtitle":"","body":"","image":"https:\/\/badb0x.akr.club\/wp-includes\/images\/media\/default.png","material_no":"009"}},"010":{"material_no":"010","products":[],"description":{"title":"maritime-natural-010","subtitle":"","body":"","image":"https:\/\/badb0x.akr.club\/wp-includes\/images\/media\/default.png","material_no":"010"}},"011":{"material_no":"011","products":[],"description":{"title":"maritime-natural-011","subtitle":"","body":"","image":"https:\/\/badb0x.akr.club\/wp-includes\/images\/media\/default.png","material_no":"011"}},"012":{"material_no":"012","products":[],"description":{"title":"maritime-natural-012","subtitle":"","body":"","image":"https:\/\/badb0x.akr.club\/wp-includes\/images\/media\/default.png","material_no":"012"}},"055":{"material_no":"055","products":[],"description":{"title":"tamtam-blue-055","subtitle":"","body":"","image":"https:\/\/badb0x.akr.club\/wp-includes\/images\/media\/default.png","material_no":"055"}},"057":{"material_no":"057","products":[],"description":{"title":"perplexe-azure-057","subtitle":"","body":"","image":"https:\/\/badb0x.akr.club\/wp-includes\/images\/media\/default.png","material_no":"057"}},"058":{"material_no":"058","products":[],"description":{"title":"perplexe-pink-058","subtitle":"","body":"","image":"https:\/\/badb0x.akr.club\/wp-includes\/images\/media\/default.png","material_no":"058"}},"053":{"material_no":"053","products":[],"description":{"title":"tamtam-green-053","subtitle":"","body":"","image":"https:\/\/badb0x.akr.club\/wp-includes\/images\/media\/default.png","material_no":"053"}},"052":{"material_no":"052","products":[],"description":{"title":"tamtam-orange-052","subtitle":"","body":"","image":"https:\/\/badb0x.akr.club\/wp-includes\/images\/media\/default.png","material_no":"052"}},"059":{"material_no":"059","products":[],"description":{"title":"perplexe-smoke-059","subtitle":"","body":"","image":"https:\/\/badb0x.akr.club\/wp-includes\/images\/media\/default.png","material_no":"059"}},"051":{"material_no":"051","products":[],"description":{"title":"tamtam-yellow-051","subtitle":"","body":"","image":"https:\/\/badb0x.akr.club\/wp-includes\/images\/media\/default.png","material_no":"051"}},"056":{"material_no":"056","products":[],"description":{"title":"tamtam-pink-056","subtitle":"","body":"","image":"https:\/\/badb0x.akr.club\/wp-includes\/images\/media\/default.png","material_no":"056"}},"062":{"material_no":"062","products":[],"description":{"title":"t-062","subtitle":"","body":"","image":"https:\/\/badb0x.akr.club\/wp-includes\/images\/media\/default.png","material_no":"062"}},"054":{"material_no":"054","products":[],"description":{"title":"tamtam-grey-054","subtitle":"","body":"","image":"https:\/\/badb0x.akr.club\/wp-includes\/images\/media\/default.png","material_no":"054"}},"063":{"material_no":"063","products":[],"description":{"title":"vintage-white-063","subtitle":"","body":"","image":"https:\/\/badb0x.akr.club\/wp-includes\/images\/media\/default.png","material_no":"063"}},"105":{"material_no":"105","products":[],"description":{"title":"Product #37205 Variation","subtitle":"","body":"","image":"https:\/\/badb0x.akr.club\/wp-includes\/images\/media\/default.png","material_no":"105"}}}